run_id,model,judge_model,prompt_version,run_number,output,latency,generation_success,eval_success,has_7_days,has_intro,has_outro,intro_is_concise,outro_is_concise,coherence,consistency,creativity,progression,language,feedback
d6996568-0832-4337-bac3-40b51f105d3b,model_1,model_3,simple,0,"{
    ""intro"": {
        ""title"": ""The Magical Flower Adventure"",
        ""story"": ""In a land of sparkling fairy dust, a little fairy named Luna set out on a journey to find the magical flower that would make all her dreams come true. She packed her bag, said goodbye to her friends, and began her exciting adventure.""
    },
    ""days"": [
        {
            ""day"": 1,
            ""title"": ""Math Magic"",
            ""story"": ""Luna sat under a tree, took out her math book, and started doing her math homework to sharpen her problem-solving skills for the journey ahead. After finishing her homework, she felt proud and continued on her path to find the magical flower.""
        },
        {
            ""day"": 2,
            ""title"": ""Artistic Expression"",
            ""story"": ""As she wandered through a colorful meadow, Luna drew an art project, painting a beautiful picture of the flowers and trees she saw, and she realized that art could be a great way to express her thoughts and ideas. With her artistic expression, she felt inspired to keep moving forward on her adventure.""
        },
        {
            ""day"": 3,
            ""title"": ""Days of the Week"",
            ""story"": ""Luna met a friendly rabbit who asked her to say the days of the week, and she happily recited them: Monday, Tuesday, Wednesday, Thursday, Friday, Saturday, and Sunday. The rabbit was impressed and gave her a map that would help her on her journey.""
        },
        {
            ""day"": 4,
            ""title"": ""Cleaning Up"",
            ""story"": ""As Luna approached a dirty and messy cave, she decided to clean her room, which was actually a small cave she had been using as a temporary shelter, and she made sure to tidy up and organize her belongings. After cleaning, she felt refreshed and ready to face the challenges that lay ahead.""
        },
        {
            ""day"": 5,
            ""title"": ""Finding Whiskers"",
            ""story"": ""Luna's friend, a little cat named Whiskers, was hiding somewhere in the forest, and Luna had to find her, using her problem-solving skills to search high and low until she finally found Whiskers taking a nap in a sunny spot. Overjoyed to be reunited, Luna and Whiskers continued their journey together.""
        },
        {
            ""day"": 6,
            ""title"": ""Growing a Plant"",
            ""story"": ""As they walked through a beautiful garden, Luna learned how to grow and take care of a plant, nurturing a small seedling and watching it grow into a strong and healthy plant. She realized that taking care of a plant was similar to taking care of herself and her friends, and she felt proud of her new gardening skills.""
        },
        {
            ""day"": 7,
            ""title"": ""Trying New Words"",
            ""story"": ""On the last day of her journey, Luna tried saying the word 'phosphorescence' and discovered that it meant a glowing light, which reminded her of the magical flower she had been searching for. With her new word and all the skills she had learned, Luna finally found the magical flower, and it was even more beautiful than she had imagined.""
        }
    ],
    ""outro"": {
        ""title"": ""The Magical Flower Found"",
        ""story"": ""Luna's adventure had come to an end, but she knew that the lessons she learned and the friends she made would stay with her forever. With the magical flower in hand, Luna returned home, where she was welcomed as a hero, and she lived happily ever after, using her problem-solving skills to help those in need.""
    }
}",2.977401733398437,True,True,True,True,True,True,True,4,8.0,3.0,4.0,8.0,"The story lacks meaningful blockers, as the protagonist completes mundane chores instead of facing true obstacles that test her character. While the call to action is clear, the progression feels like a disjointed checklist rather than a cohesive journey toward the goal."
636b91dc-3c37-4668-8fdc-0166b9eb4fe4,model_1,model_3,simple,1,"{
    ""intro"": {
        ""title"": ""The Magical Flower Adventure"",
        ""story"": ""Once upon a time, in a land far, far away, a little fairy set out on a journey to find the magical flower that would grant her wishes. The fairy was very excited and ready to face any challenges that came her way, and she knew that she would have to solve problems to reach her goal.""
    },
    ""days"": [
        {
            ""day"": 1,
            ""title"": ""Day 1: Math Homework"",
            ""story"": ""The fairy started her journey to find the magical flower, but first, she had to do her math homework to make sure she was ready for the adventure. She solved all the problems and felt confident to continue her search, and her first task was to do her math homework.""
        },
        {
            ""day"": 2,
            ""title"": ""Day 2: Art Project"",
            ""story"": ""On the second day, the fairy came across a beautiful garden and decided to draw an art project of the flowers she saw, which reminded her of the magical flower she was looking for, and her task for the day was to draw an art project.""
        },
        {
            ""day"": 3,
            ""title"": ""Day 3: Days of the Week"",
            ""story"": ""As she flew over the garden, she met a friendly bee who asked her to say the days of the week in order, and the fairy happily agreed, saying 'Monday, Tuesday, Wednesday, Thursday, Friday, Saturday, Sunday', which was her task for the day.""
        },
        {
            ""day"": 4,
            ""title"": ""Day 4: Cleaning the Room"",
            ""story"": ""The fairy then visited a messy cave and helped clean the room by picking up the toys and books, and her task for the day was to clean her room, which she did with a smile.""
        },
        {
            ""day"": 5,
            ""title"": ""Day 5: Finding the Cat"",
            ""story"": ""On the fifth day, the fairy met a lost cat who couldn't find its way home, and the fairy's task was to find where the cat was, so she helped the cat find its home and felt happy.""
        },
        {
            ""day"": 6,
            ""title"": ""Day 6: Growing a Plant"",
            ""story"": ""The fairy then planted a seed in the garden and took care of it, making sure it had enough water and sunlight, and her task for the day was to grow and take care of a plant, which she enjoyed very much.""
        },
        {
            ""day"": 7,
            ""title"": ""Day 7: Saying a New Word"",
            ""story"": ""Finally, on the seventh day, the fairy found the magical flower and learned a new word, 'photosynthesis', and her task was to try saying this word, which she did with pride.""
        }
    ],
    ""outro"": {
        ""title"": ""The End of the Adventure"",
        ""story"": ""After seven days of solving problems and completing tasks, the fairy finally found the magical flower and returned home with a big smile on her face. The fairy was happy and content, knowing that she had learned so much and had a wonderful adventure, and she couldn't wait to go on her next journey.""
    }
}",2.093005895614624,True,True,True,True,True,True,True,3,6.0,2.0,2.0,7.0,"The daily tasks act as mundane chores rather than meaningful blockers that logically prevent the fairy from reaching her goal. The story lacks a compelling call to action, as the challenges do not escalate in difficulty or relevance to the magical quest."
42a5ba5b-d3d8-47b7-8149-987d389abb67,model_1,model_3,simple,2,"{
    ""intro"": {
        ""title"": ""The Magical Flower Adventure"",
        ""story"": ""In a land far, far away, a little fairy was on a mission to find the magical flower that would bring joy and happiness to her kingdom, and she was ready to face any challenge that came her way. With a determined heart and a brave spirit, the fairy set off on her adventure, eager to solve problems and learn new things.""
    },
    ""days"": [
        {
            ""day"": 1,
            ""title"": ""Day 1: Fairy's Math Adventure"",
            ""story"": ""The fairy had been searching for the magical flower for days and finally found a clue that required her to do her math homework to unlock the next step, so she sat down and started solving the problems. After finishing her math homework, the fairy felt proud of herself and continued her journey to find the magical flower.""
        },
        {
            ""day"": 2,
            ""title"": ""Day 2: Fairy's Artistic Journey"",
            ""story"": ""The fairy came across a beautiful garden where she had to draw an art project to show her creativity and kindness to the garden's creatures, and after drawing a stunning picture, the creatures helped her find the next clue. With the clue in hand, the fairy thanked the creatures and moved forward, feeling grateful for their help.""
        },
        {
            ""day"": 3,
            ""title"": ""Day 3: Fairy's Day of the Week Challenge"",
            ""story"": ""As the fairy flew over a sparkling river, she met a fish who asked her to say the days of the week in the correct order to prove her intelligence and memory, and the fairy successfully listed all the days. The fish was impressed and gave the fairy a magical pearl that would guide her through the darkest parts of the forest.""
        },
        {
            ""day"": 4,
            ""title"": ""Day 4: Fairy's Cleaning Task"",
            ""story"": ""The fairy arrived at a messy cave where she had to clean her room, or rather the cave, to show her responsibility and care for the environment, and after cleaning the cave, it was spotless and shiny. The cave's owner, a friendly bear, thanked the fairy and gave her a map that led to a secret path.""
        },
        {
            ""day"": 5,
            ""title"": ""Day 5: Fairy's Cat Search"",
            ""story"": ""The fairy entered a cozy little house where she had to find the cat, who was hiding under the bed, to practice her problem-solving skills and attention to detail, and the fairy successfully found the cat and played with it. The cat's owner, an old witch, was delighted and gave the fairy a magical potion that would protect her from harm.""
        },
        {
            ""day"": 6,
            ""title"": ""Day 6: Fairy's Planting Adventure"",
            ""story"": ""The fairy came across a barren land where she had to grow and take care of a plant to demonstrate her nurturing abilities and patience, and with love and care, the plant grew into a beautiful flower. The fairy felt happy and content, knowing that she had helped the plant grow, and continued her journey to find the magical flower.""
        },
        {
            ""day"": 7,
            ""title"": ""Day 7: Fairy's Big Word Challenge"",
            ""story"": ""The fairy finally reached the magical flower, but to pick it, she had to try saying the word 'photography' five times fast, which required her to practice her language skills and pronunciation, and the fairy successfully said the word. With the magical flower in her hands, the fairy felt proud of herself and all the challenges she had overcome, and she returned home, where she was welcomed as a hero.""
        }
    ],
    ""outro"": {
        ""title"": ""The End of the Adventure"",
        ""story"": ""The fairy's journey had come to an end, but the lessons she learned and the friends she made would stay with her forever, and she knew that she could overcome any obstacle as long as she was brave and determined. The fairy lived happily ever after, and the magical flower brought joy and happiness to the kingdom, reminding everyone of the fairy's amazing adventure.""
    }
}",2.941127300262451,True,True,True,True,True,True,True,4,8.0,3.0,3.0,8.0,"The story's blockers feel like a list of literal school chores rather than organic magical obstacles, breaking the immersion of the fantasy setting. While the initial call to action is clear, the journey lacks a meaningful progression of stakes, culminating in a trivial final challenge."
aa404c31-e6f5-4aab-92fb-1cfa24933bcd,model_1,model_3,v1,0,"{
    ""intro"": {
        ""title"": ""The Magical Quest"",
        ""story"": ""In a land of wonder, a fairy named Lily was on a mission to find the magical Bloomflower, which only bloomed once a year. She needed help from a friend, and that friend is you!""
    },
    ""days"": [
        {
            ""day"": 1,
            ""title"": ""The Fairy's Quest Begins"",
            ""story"": ""In a land of sparkling flowers, a fairy named Lily set out to find the magical Bloomflower, but first, she needed help with a math problem to unlock the forest path. Can you help Lily by doing your math homework?""
        },
        {
            ""day"": 2,
            ""title"": ""Crossing the Colorful River"",
            ""story"": ""Lily reached a river that could only be crossed by creating a beautiful artwork, but her paintbrushes were dull. Can you draw an art project to inspire Lily and bring color back to her paintbrushes?""
        },
        {
            ""day"": 3,
            ""title"": ""The Mysterious Calendar"",
            ""story"": ""A mysterious calendar appeared, requiring Lily to say the days of the week in order to reveal the next step. Can you help Lily by saying the days of the week?""
        },
        {
            ""day"": 4,
            ""title"": ""The Hidden Path"",
            ""story"": ""The path was hidden under a pile of leaves and twigs, and only a tidy and organized space could reveal it. Can you clean your room to help Lily find the hidden path?""
        },
        {
            ""day"": 5,
            ""title"": ""The Cat's Secret"",
            ""story"": ""A cat appeared, holding a crucial map, but it was hiding. Can you find where the cat is to help Lily get the map and continue her journey?""
        },
        {
            ""day"": 6,
            ""title"": ""Nourishing the Soil"",
            ""story"": ""The soil where the Bloomflower grew was dry and needed nourishment, and only a thriving plant could bring life back to it. Can you grow and take care of a plant to help Lily nourish the soil?""
        },
        {
            ""day"": 7,
            ""title"": ""The Magical Word"",
            ""story"": ""A ancient stone had an inscription with a mysterious word that, when pronounced correctly, would make the Bloomflower bloom. Can you try saying the word 'hydrophilous' to help Lily unlock the stone's secret?""
        }
    ],
    ""outro"": {
        ""title"": ""The Bloomflower Blooms"",
        ""story"": ""With your help, Lily found the Bloomflower, and it bloomed in all its glory. Thank you for being Lily's friend and helping her on her magical quest!""
    }
}",2.0590600967407227,True,True,True,True,True,True,True,5,8.0,4.0,5.0,5.0,"While the blockers are clearly defined, the calls to action are inconsistent, ranging from instantaneous speech to long-term tasks like growing a plant that disrupt the story's 7-day flow. The sudden introduction of the jargon word 'hydrophilous' on the final day violates the simple language rule for children's stories."
7c06eee2-fa34-452c-aaba-dcd34620c73a,model_1,model_3,v1,1,"{
    ""intro"": {
        ""title"": ""The Magical Flower Quest"",
        ""story"": ""In a land of sparkles and sunshine, a fairy named Lily was on a mission to find the rare Magical Flower, which only bloomed once a year. She needed help from a friend, and that friend was you! To start her journey, she had to get past the Math Meadow, where numbers and problems filled the air.""
    },
    ""days"": [
        {
            ""day"": 1,
            ""title"": ""Math Meadow"",
            ""story"": ""Lily tried to fly over the meadow, but the numbers were too confusing. She needed someone to do their math homework to unlock the secret path. Can you do your math homework to help Lily?""
        },
        {
            ""day"": 2,
            ""title"": ""Artistic Bridge"",
            ""story"": ""After crossing the meadow, Lily came across a rickety bridge that needed repair. She remembered that art could fix anything, so she needed someone to draw an art project to create a new, sturdy bridge. Can you draw an art project to help Lily cross the bridge?""
        },
        {
            ""day"": 3,
            ""title"": ""Weekly Waterfall"",
            ""story"": ""Lily reached a beautiful waterfall, but the flowing water was too strong. She needed someone to say the days of the week in order to calm the water and find a hidden passage behind the waterfall. Can you say the days of the week to help Lily?""
        },
        {
            ""day"": 4,
            ""title"": ""Messy Cave"",
            ""story"": ""As Lily entered a dark cave, she realized it was filled with clutter and mess. She needed someone to clean their room to inspire the cave creatures to tidy up and reveal a hidden door. Can you clean your room to help Lily?""
        },
        {
            ""day"": 5,
            ""title"": ""Whisker Woods"",
            ""story"": ""Lily ventured into Whisker Woods, where a stray cat was hiding. She needed someone to find where the cat is to get the cat's help in finding the next clue. Can you find where the cat is to help Lily?""
        },
        {
            ""day"": 6,
            ""title"": ""Garden of Growth"",
            ""story"": ""In the Garden of Growth, Lily found a withered plant that needed care. She needed someone to grow and take care of a plant to teach the garden creatures about nurturing and growth. Can you grow and take care of a plant to help Lily?""
        },
        {
            ""day"": 7,
            ""title"": ""Mysterious Word"",
            ""story"": ""Lily finally reached the Magical Flower, but it was locked behind a mysterious word. She needed someone to try saying the word 'petalific' to unlock the flower's magic. Can you try saying 'petalific' to help Lily?""
        }
    ],
    ""outro"": {
        ""title"": ""The Magical Flower Blooms"",
        ""story"": ""Thanks to your help, Lily successfully found and unlocked the Magical Flower, and its bloom filled the land with sparkle and sunshine. You made a real difference in Lily's quest, and she's forever grateful for your support and friendship!""
    }
}",3.561971664428711,True,True,True,True,True,True,True,5,8.0,3.0,5.0,9.0,"The story consistently presents clear blockers, but the narrative logic fails when requiring the reader to complete long-term tasks like 'growing a plant' to solve immediate obstacles. While the calls to action are direct, they lack thematic variety and lean heavily on generic fantasy tropes."
a925fdcb-57c4-4fe8-8eab-ea66daf2d3d3,model_1,model_3,v1,2,"{
    ""intro"": {
        ""title"": ""The Quest for the Golden Bloom"",
        ""story"": ""In a land of sparkling flowers, a little fairy named Lily is on a quest to find the rare and magical Golden Bloom. She needs your help to overcome the challenges ahead and reach her goal.""
    },
    ""days"": [
        {
            ""day"": 1,
            ""title"": ""The Magical Journey Begins"",
            ""story"": ""In a land of sparkling flowers, a little fairy named Lily set out to find the rare Golden Bloom. She needs to fly over the Math Mountains, but first, she must calculate the safest path. Can you help Lily by doing your math homework?""
        },
        {
            ""day"": 2,
            ""title"": ""Crossing the Colorful River"",
            ""story"": ""Lily reached the river that flows with colorful paints, but the bridge is made of blank canvases. To cross, she needs a beautiful art piece to bring the colors to life. Can you draw an art project to help Lily?""
        },
        {
            ""day"": 3,
            ""title"": ""The Whispering Woods"",
            ""story"": ""Lily entered the Whispering Woods, where the trees whisper the days of the week. To find her way, she must listen carefully, but the trees are whispering too softly. Can you say the days of the week to help Lily hear?""
        },
        {
            ""day"": 4,
            ""title"": ""The Misty Meadow"",
            ""story"": ""Lily arrived at the Misty Meadow, where the fog is hiding the path. To clear the mist, she needs to put away the toys and objects that are scattered everywhere. Can you clean your room to help Lily find her way?""
        },
        {
            ""day"": 5,
            ""title"": ""The Hidden Hollow"",
            ""story"": ""Lily came to the Hidden Hollow, where her friend, a little cat, is hiding. The cat has a map that leads to the Golden Bloom, but Lily can't find her. Can you find where the cat is to help Lily?""
        },
        {
            ""day"": 6,
            ""title"": ""The Garden of Dreams"",
            ""story"": ""Lily entered the Garden of Dreams, where the most beautiful flowers bloom. To grow the Golden Bloom, she needs to take care of a special plant that needs water, sunlight, and love. Can you grow and take care of a plant to help Lily?""
        },
        {
            ""day"": 7,
            ""title"": ""The Secret Word"",
            ""story"": ""Lily finally reached the gate of the Golden Bloom's garden, but it's locked with a secret word. The word is a magic word that only the bravest adventurers can say. Can you try saying the word 'phoenix' to help Lily unlock the gate?""
        }
    ],
    ""outro"": {
        ""title"": ""The Golden Bloom"",
        ""story"": ""Thanks to your help, Lily found the Golden Bloom, and its magic filled the land with sparkling flowers. You are a true hero, and Lily is forever grateful for your kindness and bravery!""
    }
}",2.3325324058532715,True,True,True,True,True,True,True,7,9.0,5.0,7.0,9.0,"The blockers are well-integrated with the setting, though Day 6's call to action (growing a plant) is logically impossible to complete in a single day. While the narrative follows a clear path, the 'Golden Bloom' theme is quite generic and lacks a unique creative twist."
650c767a-9bcb-4ae0-a983-c9fee82fdaaf,model_1,model_3,v2,0,"{
    ""intro"": {
        ""title"": ""The Magical Flower"",
        ""story"": ""In a land of enchantment, a fairy named Lily lived in a beautiful forest filled with wonders and magic. She had heard of a magical flower that bloomed only once a year, and its petals held the power to heal any wounded creature. The flower was hidden deep within the forest, and only those with the purest of hearts and the strongest of wills could find it. Are you ready to join Lily on her quest to find the magical flower?""
    },
    ""days"": [
        {
            ""day"": 1,
            ""title"": ""The Journey Begins"",
            ""story"": ""In a land of enchantment, a fairy named Lily set out on a quest to find the magical flower that bloomed only once a year. She had heard that the flower's petals held the power to heal any wounded creature. To begin her journey, Lily needed to prepare herself by doing her math homework, which would help her calculate the best route to the flower. Can you help Lily do her math homework to ensure she's on the right path?""
        },
        {
            ""day"": 2,
            ""title"": ""Through the Forest"",
            ""story"": ""As Lily flew through the forest, she encountered a babbling brook that flowed into a beautiful meadow. The meadow was filled with vibrant flowers, but none of them were the magical flower she sought. To cross the meadow, Lily needed to create a map, and for that, she required an art project that would help her identify the safest path. Can you draw a picture of the meadow with a safe path for Lily to follow?""
        },
        {
            ""day"": 3,
            ""title"": ""The Days of the Week"",
            ""story"": ""Lily met a wise old owl who told her that the magical flower bloomed on a specific day of the week. The owl asked Lily to recite the days of the week in the correct order to prove her worth. If she succeeded, the owl would give her a crucial clue to find the flower. Can you help Lily by saying the days of the week in the correct order?""
        },
        {
            ""day"": 4,
            ""title"": ""A Cluttered Cave"",
            ""story"": ""Lily entered a dark cave, but it was filled with clutter and obstacles that made it difficult for her to navigate. To find her way through the cave, Lily needed to clean and organize the space, which would help her discover a hidden passage. Can you help Lily clean her room, which would give her the inspiration to tidy up the cave?""
        },
        {
            ""day"": 5,
            ""title"": ""The Missing Cat"",
            ""story"": ""As Lily exited the cave, she met a friendly cat who had lost its way. The cat asked Lily for help in finding its home, which was located on the other side of the forest. To assist the cat, Lily needed to find it, and for that, she required your help. Can you find where the cat is hiding?""
        },
        {
            ""day"": 6,
            ""title"": ""The Plant of Life"",
            ""story"": ""Lily discovered a hidden garden filled with beautiful plants, but one of them was wilting and needed care. The plant was special, as it held the key to finding the magical flower. To revive the plant, Lily needed to learn how to grow and take care of it. Can you help Lily grow and take care of the plant by giving it the right amount of water and sunlight?""
        },
        {
            ""day"": 7,
            ""title"": ""The Final Word"",
            ""story"": ""After many days of searching, Lily finally reached the location of the magical flower. However, to make it bloom, she needed to say a magical word that would unlock its power. The word was difficult to pronounce, but with your help, Lily could try saying it. Can you try saying the word 'florecer' with Lily to make the magical flower bloom?""
        }
    ],
    ""outro"": {
        ""title"": ""The Blooming Flower"",
        ""story"": ""With your help, Lily was able to say the magical word 'florecer,' and the flower began to bloom. Its petals shimmered with a soft, golden light, and the air was filled with a sweet, enchanting fragrance. The wounded creatures of the forest were healed, and they all celebrated Lily's success. Thanks to your help, Lily achieved her goal, and the forest was once again filled with joy and wonder.""
    }
}",3.108405828475952,True,True,True,True,True,True,True,6,9.0,4.0,5.0,9.0,"The blockers frequently break immersion by linking mundane chores like math homework and room cleaning to magical progression without a strong narrative bridge. While the calls to action are clear and age-appropriate, the story lacks a sense of rising stakes as it moves toward the climax."
f7b2d3d1-d3a4-40d6-b686-01f8e4641509,model_1,model_3,v2,1,"{
    ""intro"": {
        ""title"": ""The Quest for the Magical Flower"",
        ""story"": ""In a land far, far away, a little fairy named Lily was on a quest to find a magical flower that would bring prosperity to her village. The flower was hidden deep within a mysterious forest, and Lily needed the help of a friend to find it. The journey would be long and challenging, but with your help, Lily was confident that she could succeed. Are you ready to join Lily on her quest and help her find the magical flower?""
    },
    ""days"": [
        {
            ""day"": 1,
            ""title"": ""The Journey Begins"",
            ""story"": ""In a land far, far away, a little fairy named Lily was on a quest to find a magical flower that would bring prosperity to her village. She had been searching for days, but to no avail. The fairy needed help from a friend, and that friend was you. Can you help Lily by doing your math homework so she can use the math skills to measure the distance to the flower?""
        },
        {
            ""day"": 2,
            ""title"": ""Crossing the River"",
            ""story"": ""Lily came across a wide river that she needed to cross, but the bridge was broken. She needed a creative solution to get to the other side. The fairy remembered that you were good at art, and she needed your help to draw an art project that would inspire her to find a way across. Can you draw a picture of a bridge that Lily can use to cross the river?""
        },
        {
            ""day"": 3,
            ""title"": ""The Mysterious Forest"",
            ""story"": ""Lily entered a mysterious forest where the days of the week were mixed up, and she needed to put them in order to find her way. The fairy was confused and needed your help to say the days of the week in the correct order. You started with Sunday, then Monday, Tuesday, Wednesday, Thursday, Friday, and Saturday. Can you help Lily by repeating the days of the week so she can find her way out of the forest?""
        },
        {
            ""day"": 4,
            ""title"": ""The Cluttered Cave"",
            ""story"": ""Lily stumbled upon a cave that was filled with clutter and obstacles, and she needed to clean it up to find a hidden path. The fairy needed your help to clean your room, which would give her the energy to clean the cave. As you cleaned your room, Lily cleaned the cave, and soon they both found a clear path. Can you help Lily by keeping your room clean so she can keep the cave clean too?""
        },
        {
            ""day"": 5,
            ""title"": ""The Missing Cat"",
            ""story"": ""Lily's cat, Whiskers, was missing, and she needed to find her to continue the journey. The fairy needed your help to find where the cat was hiding. You looked high and low, and soon you found Whiskers hiding behind a tree. Can you help Lily by finding where the cat is hiding so she can be reunited with her beloved pet?""
        },
        {
            ""day"": 6,
            ""title"": ""The Magical Garden"",
            ""story"": ""Lily came across a magical garden that was filled with beautiful plants and flowers, but they needed care and attention to grow. The fairy needed your help to grow and take care of a plant, which would give her the knowledge to tend to the magical garden. As you watered and nourished your plant, Lily did the same to the garden, and soon it was flourishing. Can you help Lily by taking care of your plant so she can take care of the magical garden?""
        },
        {
            ""day"": 7,
            ""title"": ""The Final Challenge"",
            ""story"": ""Lily finally reached the location of the magical flower, but it was guarded by a mysterious creature who spoke in riddles. The fairy needed your help to try saying the word 'philanthropy' to prove that you were a true friend and deserving of the flower's power. If you succeeded, the creature would give Lily the flower, and she would bring prosperity to her village. Can you help Lily by trying to say the word 'philanthropy'?""
        }
    ],
    ""outro"": {
        ""title"": ""The Magical Flower"",
        ""story"": ""Lily finally obtained the magical flower, and as she held it in her hands, she felt its power and energy. The fairy was overjoyed and thanked you for your help and support throughout the journey. With the flower's power, Lily brought prosperity to her village, and the villagers were forever grateful. You had helped Lily achieve her goal, and you felt proud and happy knowing that you had made a difference in the fairy's life.""
    }
}",3.099677562713623,True,True,True,True,True,True,True,6,8.0,4.0,5.0,7.0,"The tasks (blockers) are loosely tied to the plot, but the sudden jump from naming days of the week to saying 'philanthropy' is jarring and breaks the story's age-appropriate progression. While the calls to action are clear, the narrative lacks escalating tension, making the final challenge feel disconnected from the previous days."
3b5ce0fa-bfcf-480f-9056-175097d02e9e,model_1,model_3,v2,2,"{
    ""intro"": {
        ""title"": ""The Magical Flower"",
        ""story"": ""In a land filled with sparkling flowers, a kind fairy named Lily set out on a journey to find the rare magical flower that only bloomed once a year. She had heard that this flower had the power to make any wish come true. Lily's wish was to make the world a happier place, but she needed help along the way. She was excited to start her journey and see what adventures awaited her.""
    },
    ""days"": [
        {
            ""day"": 1,
            ""title"": ""The Fairy's Quest Begins"",
            ""story"": ""In a land filled with sparkling flowers, a kind fairy named Lily set out on a journey to find the rare magical flower that only bloomed once a year. She had heard that this flower had the power to make any wish come true. Lily's wish was to make the world a happier place, but she needed help along the way. Can you help Lily by doing your math homework tonight so she can get the map that will lead her to the flower?""
        },
        {
            ""day"": 2,
            ""title"": ""The Art of Navigation"",
            ""story"": ""Lily found the map, but it was torn into pieces and she needed a special art piece to repair it. The fairy remembered that a group of artistic fairies lived in a nearby forest, and they could help her fix the map. To get their attention, Lily needed a beautiful drawing of the magical flower, and that's where you come in. Can you draw a picture of what you think the magical flower looks like, so Lily can show it to the artistic fairies?""
        },
        {
            ""day"": 3,
            ""title"": ""The Days of the Week"",
            ""story"": ""The artistic fairies were impressed with your drawing and fixed the map, but now Lily had to figure out when the magical flower would bloom. The fairies told her that the flower bloomed on a specific day of the week, but they didn't know which one. Lily needed your help to remember the days of the week in the correct order. Can you say the days of the week with Lily, so she can figure out when the flower will bloom?""
        },
        {
            ""day"": 4,
            ""title"": ""Cleaning Up the Path"",
            ""story"": ""Lily discovered that the magical flower would bloom on Sunday, but the path to the flower was filled with trash and obstacles. The fairy couldn't clean the path by herself, and that's where you come in. You can help Lily by cleaning your room and showing her how to organize and throw away unnecessary things. Can you clean your room, so Lily can learn how to clean the path to the magical flower?""
        },
        {
            ""day"": 5,
            ""title"": ""Finding a Helper"",
            ""story"": ""The path was clean, but Lily realized that she needed a helper to find the exact location of the magical flower. She heard that a friendly cat named Whiskers knew the forest like the back of her paw, but Whiskers was nowhere to be found. Lily needed your help to find Whiskers, so they could work together to find the flower. Can you find where the cat is in your house or neighborhood, so Lily can get an idea of how to find Whiskers?""
        },
        {
            ""day"": 6,
            ""title"": ""Growing a Special Plant"",
            ""story"": ""Lily found Whiskers, and together they were getting close to the magical flower, but they needed a special plant to grow a bridge to reach it. The plant required special care and attention, and Lily needed your help to grow it. You can help Lily by growing and taking care of a plant, so she can learn how to nurture the special plant. Can you grow and take care of a plant, so Lily can learn how to grow the bridge to the magical flower?""
        },
        {
            ""day"": 7,
            ""title"": ""The Final Step"",
            ""story"": ""The bridge was grown, and Lily was almost at the magical flower, but she needed to say a special word to make it bloom. The word was 'petalicious,' but it was a difficult word to pronounce. Lily needed your help to practice saying the word, so she could say it correctly when the time came. Can you try saying 'petalicious' with Lily, so she can finally make the magical flower bloom?""
        }
    ],
    ""outro"": {
        ""title"": ""The Wish Comes True"",
        ""story"": ""Lily finally said the word 'petalicious' correctly, and the magical flower bloomed in all its beauty. The fairy's wish to make the world a happier place was granted, and happiness spread throughout the land. You helped Lily throughout her journey, and without your help, she wouldn't have been able to make her wish come true. Thank you for being a part of Lily's adventure, and remember that you have the power to make the world a happier place too.""
    }
}",3.5202207565307617,True,True,True,True,True,True,True,4,9.0,3.0,4.0,9.0,"The blockers are narratively weak, as real-world chores like math homework have no logical connection to Lily's ability to find a map in a fantasy world. Furthermore, the calls to action are poorly paced, asking the child to grow a physical plant—a multi-week task—as a requirement for a single day's story progression."
3abd6985-fa61-4540-8dd2-f9aec1f27bd4,model_2,model_3,simple,0,"{
    ""intro"": {
        ""title"": ""Welcome to the Magical Flower Adventure"",
        ""story"": ""In a world beyond our own, a fairy named Lily was on a quest to find the rare 'Rainbow Bloom' flower. She had heard it had the power to make magic come true.""
    },
    ""days"": [
        {
            ""day"": 1,
            ""title"": ""Day 1: Math Homework"",
            ""story"": ""Lily began her adventure by completing her math homework. She solved her math problems quickly and now she's ready for the next challenge.""
        },
        {
            ""day"": 2,
            ""title"": ""Day 2: Draw an Art Project"",
            ""story"": ""On the second day, Lily drew a beautiful picture of the Rainbow Bloom. Her art skills were getting better with each drawing, but the Rainbow Bloom still seemed elusive.""
        },
        {
            ""day"": 3,
            ""title"": ""Day 3: Say the Days of the Week"",
            ""story"": ""Lily practiced saying the days of the week with her fairy friends. They encouraged her to keep going, and soon she could say all seven days: Monday, Tuesday, Wednesday, Thursday, Friday, Saturday, and Sunday.""
        },
        {
            ""day"": 4,
            ""title"": ""Day 4: Clean Your Room"",
            ""story"": ""On the fourth day, Lily decided to clean her fairy room. She put away her art supplies, dusted her fairy wings, and made her bed. Now her room was spotless, but she still hadn't found the Rainbow Bloom.""
        },
        {
            ""day"": 5,
            ""title"": ""Day 5: Find Where the Cat is"",
            ""story"": ""Lily went on a mission to find her friend's lost cat, Whiskers. She asked all the fairies and animals in the forest until she finally found Whiskers hiding behind a bush.""
        },
        {
            ""day"": 6,
            ""title"": ""Day 6: Grow and Take Care of a Plant"",
            ""story"": ""On the sixth day, Lily planted a small seed and took care of it. She watered it, gave it sunlight, and talked to it every day. The seed grew into a small plant, and Lily was so proud of her green thumb.""
        },
        {
            ""day"": 7,
            ""title"": ""Day 7: Try Saying this Word"",
            ""story"": ""On the final day, Lily's fairy teacher asked her to try saying the word 'rainbow'. Lily practiced and practiced until she finally said it correctly: 'RAI-nbow'. She felt happy and proud of herself for completing her seven-day challenge.""
        }
    ],
    ""outro"": {
        ""title"": ""The Magical Flower"",
        ""story"": ""And then, Lily found the Rainbow Bloom! She had been searching for it for seven days, solving problems and learning new skills along the way. She picked the flower and made her magic come true, and from that day on, she was known as the cleverest fairy in the forest.""
    }
}",1.2666058540344238,True,True,True,True,True,True,True,3,8.0,2.0,2.0,9.0,"The story lacks narrative blockers, as the daily chores like math and cleaning have no logical connection to finding a magical flower. There is no effective call to action or progression, as the quest is resolved arbitrarily rather than through the skills Lily practiced."
7e5a502d-ac42-4d51-bae2-67ca4e227cfb,model_2,model_3,simple,1,"{
    ""intro"": {
        ""title"": ""The Magical Flower Adventure Begins"",
        ""story"": ""Fairy Lily was on a quest to find the rare Magical Flower. Her friends had heard that it bloomed only in the most magical places.""
    },
    ""days"": [
        {
            ""day"": 1,
            ""title"": ""Day 1: Doing My Math Homework"",
            ""story"": ""Fairy Lily sat at her desk, trying to solve her math problems. She had to find the Magical Flower, but first, she needed to finish her homework.""
        },
        {
            ""day"": 2,
            ""title"": ""Day 2: Drawing My Art Project"",
            ""story"": ""After finishing her homework, Fairy Lily grabbed her paintbrushes and started drawing a beautiful picture of the Magical Flower. She was so focused that she didn't even notice the time passing.""
        },
        {
            ""day"": 3,
            ""title"": ""Day 3: Learning My Days of the Week"",
            ""story"": ""The next morning, Fairy Lily woke up and learned the days of the week with her fairy friends. They helped her practice saying 'Monday', 'Tuesday', and all the way to 'Sunday'.""
        },
        {
            ""day"": 4,
            ""title"": ""Day 4: Cleaning My Room"",
            ""story"": ""After learning the days of the week, Fairy Lily cleaned her room to make it sparkle like the Magical Flower. She put her toys away and dusted her shelves, feeling proud of her hard work.""
        },
        {
            ""day"": 5,
            ""title"": ""Day 5: Finding Where the Cat is"",
            ""story"": ""Fairy Lily's little fairy friend, Sparkles, was hiding in the garden with their mischievous cat. Fairy Lily had to use her problem-solving skills to find them both.""
        },
        {
            ""day"": 6,
            ""title"": ""Day 6: Taking Care of My Plant"",
            ""story"": ""Today, Fairy Lily learned how to take care of a plant in the garden. She watered it, fed it, and gave it just the right amount of sunshine to make it grow strong.""
        },
        {
            ""day"": 7,
            ""title"": ""Day 7: Trying to Say a Difficult Word"",
            ""story"": ""Fairy Lily and her friends had been searching for the Magical Flower for seven days now, and finally, they found it! However, Fairy Lily had to try saying a difficult word: 'photon'.""
        }
    ],
    ""outro"": {
        ""title"": ""Fairy Lily Found the Magical Flower!"",
        ""story"": ""Fairy Lily and her friends were overjoyed when they finally found the Magical Flower. She learned that with problem-solving skills and determination, anything is possible!""
    }
}",1.9413926601409912,True,True,True,True,True,True,True,3,8.0,2.0,2.0,9.0,"The story lacks a functional 'blocker' as the daily chores are unrelated to the quest rather than obstacles to be overcome. The 'call to action' to find the flower is neglected for six days of mundane tasks, resulting in a disconnected and unearned resolution."
4e3f925d-f211-4068-b619-6e0080fb8b43,model_2,model_3,simple,2,"{
    ""intro"": {
        ""title"": ""A Fairy's Magical Adventure"",
        ""story"": ""Once upon a time, in a faraway land, there lived a fairy named Lily. She heard about a magical flower that bloomed only once a year, and she wanted to see it for herself, but she had some tasks to do first!""
    },
    ""days"": [
        {
            ""day"": 1,
            ""title"": ""Day 1: Math Homework"",
            ""story"": ""Lily sat at her desk and looked at her math problems. She worked hard and finished her homework before moving on to the next task.""
        },
        {
            ""day"": 2,
            ""title"": ""Day 2: Art Project"",
            ""story"": ""Lily took out her paint and brushes and started creating a beautiful picture. She was so proud of her artwork and couldn't wait to show it to her fairy friends.""
        },
        {
            ""day"": 3,
            ""title"": ""Day 3: Learn Days of the Week"",
            ""story"": ""Lily thought about the days of the week and recited them to herself: Monday, Tuesday, Wednesday, Thursday, Friday, Saturday, and Sunday. She felt a sense of accomplishment and moved on to the next task.""
        },
        {
            ""day"": 4,
            ""title"": ""Day 4: Clean her Room"",
            ""story"": ""Lily flew around her room, picking up toys and books, and putting them away in their proper places. Her room looked tidy and sparkling, just like a fairy's home should.""
        },
        {
            ""day"": 5,
            ""title"": ""Day 5: Find the Missing Cat"",
            ""story"": ""Lily searched high and low for her mischievous cat, Whiskers. Finally, she found him hiding under the bed, and she gently picked him up and cuddled him.""
        },
        {
            ""day"": 6,
            ""title"": ""Day 6: Grow and Care for a Plant"",
            ""story"": ""Lily planted a small seed in the soil and gave it plenty of love and water. To her delight, the seed grew into a beautiful flower, just like the magical one she was looking for!""
        },
        {
            ""day"": 7,
            ""title"": ""Day 7: Say a Special Word"",
            ""story"": ""Lily thought about the special word she wanted to try saying: 'flamboyant.' She practiced and practiced until she got it just right.""
        }
    ],
    ""outro"": {
        ""title"": ""The End of Lily's Adventure"",
        ""story"": ""And that's the end of Lily's magical adventure. She learned the importance of problem-solving and taking care of herself on her journey to find the magical flower.""
    }
}",1.0888655185699463,True,True,True,True,True,True,True,3,8.0,2.0,2.0,7.0,"The story lacks narrative blockers, as the daily tasks are mundane chores that resolve instantly without conflict or tension. There is no logical call to action or connection between the chores and the primary goal of finding the magical flower, resulting in a fragmented plot."
5379eef8-a7fa-4c71-b16d-9f417939f02f,model_2,model_3,v1,0,"{
    ""error"": ""Exceeded maximum retries (1) for output validation""
}",,False,True,False,False,False,False,False,1,1.0,1.0,1.0,1.0,"The input provided is a system error message rather than a narrative, which prevents any evaluation of the blocker or call to action. Please provide the actual seven-day story text to receive a proper assessment of the plot and character development."
1efb1e5a-ffce-45b8-8fc9-92c121f60d48,model_2,model_3,v1,1,"{
    ""intro"": {
        ""title"": ""A Magical Adventure Begins!"",
        ""story"": ""Once upon a time, in a land far, far away, there lived a kind and curious fairy named Lily. Lily's best friend, a magical flower named Bloom, was special because it helped make wishes come true. One day, Lily received a message that told her the magical energy of Bloom was weakening.""
    },
    ""days"": [
        {
            ""day"": 1,
            ""title"": ""Day 1: Do Your Math Homework"",
            ""story"": ""Lily thought to herself, 'I need to focus on my mission! First, I must finish my math homework so I can understand the numbers better.' She sat down and tried to do the problems, but as she was calculating, she realized she didn't know a crucial formula. Can you help Lily find the formula?""
        },
        {
            ""day"": 2,
            ""title"": ""Day 2: Draw an Art Project"",
            ""story"": ""After solving her math problem, Lily thought to herself, 'Now that I know my math, I need to create a map of the enchanted forest where Bloom grows.' She sat down to draw a picture, but as she started to draw, her pencils were all too broken to use. Can you help Lily find some new pencils?""
        },
        {
            ""day"": 3,
            ""title"": ""Day 3: Say the Days of the Week"",
            ""story"": ""Lily decided to practice her magical communication skills and needed to learn the days of the week. She started to recite them, but she got stuck on Friday. Can you help Lily remember the rest of the weekdays?""
        },
        {
            ""day"": 4,
            ""title"": ""Day 4: Clean Your Room"",
            ""story"": ""Before embarking on her quest, Lily's room was a mess, and she needed to clean it to gather her thoughts. She started to tidy up, but she struggled to put her belongings away. Can you help Lily find a better way to organize her room?""
        },
        {
            ""day"": 5,
            ""title"": ""Day 5: Find Where the Cat Is"",
            ""story"": ""Lily had lost track of her pet cat, Luna, who was an excellent guide. She looked around the garden and shouted for Luna, but there was no response. Can you help Lily call Luna back?""
        },
        {
            ""day"": 6,
            ""title"": ""Day 6: Grow and Take Care of a Plant"",
            ""story"": ""As Lily looked around the garden, she spotted a seedling with great potential. She decided to take care of the seedling to help it grow stronger for Bloom's sake. However, she didn't know how to water it without harming it. Can you help Lily learn which method to use?""
        },
        {
            ""day"": 7,
            ""title"": ""Day 7: Try Saying This Word"",
            ""story"": ""Lily finally found a clue that led her close to Bloom. However, she needed to say her own name correctly to unlock the last door. She stood in front of the door, took a deep breath, but couldn't find the right pronunciation. Can you help Lily say her name correctly?""
        }
    ],
    ""outro"": {
        ""title"": ""A Magical Wish Comes True!"",
        ""story"": ""With your help, Lily was able to complete the tasks and finally found Bloom! Lily said thank you and with a happy heart, she picked a petal from Bloom. Her wish was finally granted, and the magical energy of Bloom was restored. Together, you and Lily made the impossible possible. You are a true friend in need!""
    }
}",3.653319597244263,True,True,True,True,True,True,False,4,8.0,3.0,3.0,9.0,"The story structure follows the 7-day rule, but the blockers are disconnected from the magical plot, making mundane chores feel jarring. The calls to action are clear, yet the climax—Lily being unable to pronounce her own name—undermines the logic of the narrative."
bffb293a-9df0-4bdb-9de2-c5bcf2ab333a,model_2,model_3,v1,2,"{
    ""intro"": {
        ""title"": ""Let's Begin Our Magical Adventure"",
        ""story"": ""In a beautiful kingdom far, far away, there lived a kind and gentle fairy named Lily. She had a special mission: to find the magical Moonflower, which bloomed only once a year under the light of the full moon. The magical Moonflower had the power to make all the flowers in the kingdom bloom again, and Lily wanted to make all the children in the kingdom happy. But Lily couldn't find the Moonflower, and that's where you come in \u2013 our little hero!""
    },
    ""days"": [
        {
            ""day"": 1,
            ""title"": ""Lily's First Obstacle: Finishing Math Homework"",
            ""story"": ""Lily arrived at the forest, where the Moonflower was said to be hiding. But as she was about to begin her search, she realized she had forgotten to do her math homework. She needed to solve a few tricky equations to unlock the secrets of the forest. Can you help Lily finish her math homework so she can continue her quest?""
        },
        {
            ""day"": 2,
            ""title"": ""Lily's Second Obstacle: A Creative Block"",
            ""story"": ""Lily found a hidden cave, and inside, she drew a beautiful picture of the forest. But when she tried to draw a dragon to add to her picture, she got stuck. She couldn't think of what color the dragon should be. Can you help Lily come up with a color for her dragon so she can finish her art project?""
        },
        {
            ""day"": 3,
            ""title"": ""Lily's Third Obstacle: Counting the Days"",
            ""story"": ""Lily found a secret garden and wanted to plant a new flower. But when she tried to tell the gardener the day of the week, she got confused. Can you help Lily remember the days of the week so she can explain it to the gardener?""
        },
        {
            ""day"": 4,
            ""title"": ""Lily's Fourth Obstacle: Tidying Up"",
            ""story"": ""Lily came across a messy room and wanted to clean it up so she could find a hidden key. But when she tried to clean the room, she got overwhelmed by the mess. Can you help Lily clean her room so she can find the key and unlock a new path?""
        },
        {
            ""day"": 5,
            ""title"": ""Lily's Fifth Obstacle: Finding the Mischievous Cat"",
            ""story"": ""Lily was searching for a magical spring, but her cat, Whiskers, disappeared. She needs to find Whiskers so she can bring a fresh drink from the spring. Can you help Lily find Whiskers?""
        },
        {
            ""day"": 6,
            ""title"": ""Lily's Sixth Obstacle: Planting a Seedling"",
            ""story"": ""Lily decided to grow her own flower to make her path brighter. She planted a seedling, but it needs watering and sunshine to grow. Can you help Lily take care of her seedling so it can grow into a blooming flower?""
        },
        {
            ""day"": 7,
            ""title"": ""Lily's Seventh Obstacle: Pronouncing a Magic Word"",
            ""story"": ""Lily reached the heart of the forest and found a magical word written on a stone. She read the word out loud, but it came out funny. Can you help Lily say the word correctly so she can unlock the Moonflower's location?""
        }
    ],
    ""outro"": {
        ""title"": ""The Magical Moonflower Blooms!"",
        ""story"": ""With your help, Lily finally found the magical Moonflower and made all the flowers in the kingdom bloom again. Thank you for helping our little fairy, Lily, complete her magical adventure! The kingdom is now filled with color and joy, all thanks to your creativity and problem-solving skills.""
    }
}",36.84019613265991,True,True,True,True,True,True,True,4,8.0,2.0,3.0,9.0,"The blockers are jarringly mundane, such as math homework and room cleaning, which break the immersion of a magical fairy quest. While the calls to action are clear, the narrative lacks logical flow or escalating tension to make the final discovery feel earned."
c797edb0-c2bf-4663-8e78-d4dfcca336dd,model_2,model_3,v2,0,"{
    ""error"": ""Exceeded maximum retries (1) for output validation""
}",,False,True,False,False,False,False,False,1,1.0,1.0,1.0,1.0,"The provided input is a system error message rather than a narrative, failing to establish any character blockers or a central quest. Consequently, it lacks the required 7-day structure and a meaningful call to action for a protagonist."
e6f33fd4-d44c-43a2-b793-3985231f1e2b,model_2,model_3,v2,1,"{
    ""error"": ""Exceeded maximum retries (1) for output validation""
}",,False,True,False,False,False,False,False,1,1.0,1.0,1.0,1.0,"The input provided is a system error message that fails to establish a narrative blocker or any character motivation. Without a story, there is no call to action or progression toward a goal, making it impossible to evaluate against the required structure."
46518a70-f740-4466-b541-0303adf82e9e,model_2,model_3,v2,2,"{
    ""intro"": {
        ""title"": ""A Fairy's Magical Flower"",
        ""story"": ""In a far-off land, a fairy named Lily was on a quest to find a magical flower. The flower had the power to heal any wound, and Lily's friend, a bird, was hurt. Lily decided to embark on a journey to find the magical flower. She packed her bag and said goodbye to her fairy friends.""
    },
    ""days"": [
        {
            ""day"": 1,
            ""title"": ""Day 1: Lily's First Challenge"",
            ""story"": ""Lily started her journey, but first, she needed to finish her math homework. She sat down under a tree and looked at her book. She had five baskets of apples, and each basket had a different number of apples. Can you help Lily count how many apples she has in total?""
        },
        {
            ""day"": 2,
            ""title"": ""Day 2: Lily's Art Project"",
            ""story"": ""Lily finished her math homework and continued on her journey. As she walked, she saw a beautiful meadow and decided to draw a picture of it. Can you help Lily draw a meadow with a big blue sky, fluffy white clouds, and a few tall trees?""
        },
        {
            ""day"": 3,
            ""title"": ""Day 3: Lily's Memory Challenge"",
            ""story"": ""While Lilu drew her picture, she thought about the days of the week. Can you help Lily list the days of the week in order, from Monday to Sunday?""
        },
        {
            ""day"": 4,
            ""title"": ""Day 4: Lily's Cleaning Challenge"",
            ""story"": ""After drawing her picture, Lily's room started to look messy. She decided to clean her room and throw away all the toys she didn't need anymore. Can you help Lily make a list of the things she needs to clean and put away?""
        },
        {
            ""day"": 5,
            ""title"": ""Day 5: Lily's Lost Cat"",
            ""story"": ""Lily cleaned her room and continued on her journey, but soon she realized she lost her cat, Whiskers. Can you help Lily think of all the places she could look for Whiskers?""
        }
    ],
    ""outro"": {
        ""title"": ""A Happy Ending"",
        ""story"": ""Lily finally found the magical flower and brought it back to her friend, the bird. With the flower's healing power, the bird was healed, and all the fairy friends were happy. Lily learned that she couldn't have done it without your help, and she's grateful for your friendship. You helped a fairy find a magical flower and heal her friend!""
    }
}",6.301518678665161,True,True,False,True,True,True,True,2,3.0,3.0,1.0,8.0,"The story fails to create a logical progression, as the 'blockers' are mundane domestic chores entirely unrelated to the urgent quest to heal the bird. Additionally, it lacks the standard 7-day structure and uses calls to action that feel like school worksheets rather than integrated plot elements."
4c515a45-bcc5-415e-bc1a-29b4745fa710,model_3,model_1,simple,0,"{
    ""intro"": {
        ""title"": ""Lily's Big Adventure"",
        ""story"": ""Lily the fairy needed to find the magical Rainbow Rose to save her wilting garden. She packed her tiny bag and flew deep into the enchanted forest.""
    },
    ""days"": [
        {
            ""day"": 1,
            ""title"": ""The Counting Stones"",
            ""story"": ""Lily came to a river where she had to count every stepping stone to get across safely. Help her move forward by doing your math homework today.""
        },
        {
            ""day"": 2,
            ""title"": ""The Secret Map"",
            ""story"": ""The forest path was invisible, so Lily needed a bright map to show her the way. You can help her see the trail if you draw an art project now.""
        },
        {
            ""day"": 3,
            ""title"": ""The Time Bridge"",
            ""story"": ""A grumpy troll blocked the bridge and would only let fairies pass if they knew their calendar. To help Lily cross, please say the days of the week out loud.""
        },
        {
            ""day"": 4,
            ""title"": ""Tidying the Forest"",
            ""story"": ""The trail was covered in messy leaves and thorny branches that blocked Lily's tiny wings. Help her clear the way by making sure you clean your room.""
        },
        {
            ""day"": 5,
            ""title"": ""The Hidden Guide"",
            ""story"": ""Lily's friend, a small white cat, knew the secret shortcut but he was hiding in the tall grass. Can you help her find where the cat is?""
        },
        {
            ""day"": 6,
            ""title"": ""The Seed of Kindness"",
            ""story"": ""The magical flower only grows for people who know how to be kind to nature. Lily wants you to grow and take care of a plant to make the flower bloom.""
        },
        {
            ""day"": 7,
            ""title"": ""The Magic Word"",
            ""story"": ""The Rainbow Rose was finally in sight, but it needed a magic word to open its petals. Help Lily finish her quest and try saying this word: \""Flitterbloom!\""""
        }
    ],
    ""outro"": {
        ""title"": ""A Garden Saved"",
        ""story"": ""Lily took the magical flower home, and her garden sparkled with bright colors once again. She waved her wand and thanked you for being such a wonderful helper.""
    }
}",7.545379161834717,True,True,True,True,True,True,True,8,9.0,7.0,8.0,9.0,"The story is engaging, but the 'call to action' rule could be applied more creatively in some days. To improve, focus on developing the 'blocker' rule by making the obstacles more challenging and meaningful to the story's progression."
9738e951-3b8b-4130-812a-6a318991c2d4,model_3,model_1,simple,1,"{
    ""intro"": {
        ""title"": ""Flora's Fairy Quest"",
        ""story"": ""Flora the fairy wants to find the Glowing Lily that brings happiness to everyone. She needs your help to finish her big adventure.""
    },
    ""days"": [
        {
            ""day"": 1,
            ""title"": ""The Counting Gate"",
            ""story"": ""To pass the first gate, Flora must solve the riddles written on the stones. You can help her by doing your math homework today.""
        },
        {
            ""day"": 2,
            ""title"": ""The Rainbow Bridge"",
            ""story"": ""The next path is invisible and needs bright colors to show the way. Please draw an art project to help Flora see where to walk.""
        },
        {
            ""day"": 3,
            ""title"": ""The Singing Bird's Secret"",
            ""story"": ""A singing bird says the flower only blooms on certain special days. You must help Flora by saying the days of the week out loud.""
        },
        {
            ""day"": 4,
            ""title"": ""Finding the Map"",
            ""story"": ""Flora needs her magic map, but it is lost under a pile of messy things. Help her find it by cleaning your room and making it tidy.""
        },
        {
            ""day"": 5,
            ""title"": ""The Hidden Friend"",
            ""story"": ""A friendly kitten has the key to the garden but is hiding somewhere nearby. Help Flora find where the cat is to get the secret key.""
        },
        {
            ""day"": 6,
            ""title"": ""The Tiny Sprout"",
            ""story"": ""The flower is a tiny sprout that needs your help to become big and strong. Take some time to grow and take care of a plant today.""
        },
        {
            ""day"": 7,
            ""title"": ""The Magic Word"",
            ""story"": ""To make the flower finally bloom, you must whisper the special magic word. Try saying the word 'Luminescence' to help Flora finish her journey.""
        }
    ],
    ""outro"": {
        ""title"": ""A Forest Full of Joy"",
        ""story"": ""The magical flower opens its petals and fills the whole forest with light. You were a great helper and solved every problem along the way!""
    }
}",11.12908935546875,True,True,True,True,True,True,True,8,9.0,7.0,8.0,9.0,"The story is well-structured and easy to follow, but the theme of a magical flower bringing happiness is quite generic. To improve, consider adding more unique twists to the plot and character development."
1afede3d-6645-4eb1-82fe-326613fba758,model_3,model_1,simple,2,"{
    ""intro"": {
        ""title"": ""Flora's Big Quest"",
        ""story"": ""Flora the fairy is looking for the rare Sparkling Rose in the deep woods. She needs your help to solve problems and find the way.""
    },
    ""days"": [
        {
            ""day"": 1,
            ""title"": ""The Number Door"",
            ""story"": ""Flora the fairy finds a stone door with numbers written on it. Do your math homework to solve the puzzle and open the door.""
        },
        {
            ""day"": 2,
            ""title"": ""The Colorful Map"",
            ""story"": ""The forest ahead is gray and needs some color to show the way. Draw an art project to help Flora see the beautiful path.""
        },
        {
            ""day"": 3,
            ""title"": ""The Singing Tree"",
            ""story"": ""A talking tree will only let Flora pass if she knows about time. Say the days of the week to show the tree how smart you are.""
        },
        {
            ""day"": 4,
            ""title"": ""Clearing the Path"",
            ""story"": ""The fairy path is cluttered with messy twigs and old leaves. Clean your room to help Flora find her way through the messy woods.""
        },
        {
            ""day"": 5,
            ""title"": ""The Hidden Friend"",
            ""story"": ""Flora\u2019s friend, the kitty, is lost in the magical bushes. Find where the cat is hiding so they can finish the quest together.""
        },
        {
            ""day"": 6,
            ""title"": ""The Gentle Heart"",
            ""story"": ""The magical flower needs to see that you know how to be gentle. Grow and take care of a plant to show the flower you are ready.""
        },
        {
            ""day"": 7,
            ""title"": ""The Magic Word"",
            ""story"": ""The Sparkling Rose is closed tight and needs a special magic word. Try saying the word 'Shimmer' to make the flower bloom at last.""
        }
    ],
    ""outro"": {
        ""title"": ""The Magic Blooms"",
        ""story"": ""The Sparkling Rose opens its petals and fills the world with light. You helped Flora finish her quest and saved the forest magic!""
    }
}",10.059934616088867,True,True,True,True,True,True,True,8,9.0,7.0,8.0,9.0,"The story flows logically, following a clear 7-day structure, but the theme of a fairy on a quest is somewhat generic. To improve, consider adding more complexity to the plot and character development to make the story more engaging."
a0531988-e39b-4ad7-8f4d-0413a637fdbc,model_3,model_1,v1,0,"{
    ""intro"": {
        ""title"": ""The Quest for the Glitter-Bloom"",
        ""story"": ""Flora the Fairy must find the glowing Glitter-Bloom to save the Whispering Woods from losing its magic. The journey is full of tricky puzzles that only a smart human friend can help her solve. Will you join her adventure and help her find the flower?""
    },
    ""days"": [
        {
            ""day"": 1,
            ""title"": ""The Number Bridge"",
            ""story"": ""Flora the Fairy reaches the Number Bridge, but the stepping stones only appear when a math puzzle is solved. She is stuck on the bank and cannot count high enough to make the stones rise. Can you help her cross by doing your math homework?""
        },
        {
            ""day"": 2,
            ""title"": ""The Colorless Valley"",
            ""story"": ""The path ahead has turned completely grey, and Flora needs to show the Rainbow Bird what beauty looks like to pass. She doesn't have any colors or brushes to show the bird the way. Could you help her by drawing a beautiful art project?""
        },
        {
            ""day"": 3,
            ""title"": ""The Calendar Gate"",
            ""story"": ""Flora finds the Secret Calendar Gate, but it will only open if the cycle of time is spoken clearly. She is confused about which day comes after Monday and is stuck at the entrance. Will you help her open the gate by saying the days of the week?""
        },
        {
            ""day"": 4,
            ""title"": ""The Cluttered Cave"",
            ""story"": ""The map leads Flora into a cave filled with scattered crystals and messy vines that block her path. She might trip and lose her magic wand in all this clutter! Can you clear a safe path for her by cleaning your room?""
        },
        {
            ""day"": 5,
            ""title"": ""The Hidden Guardian"",
            ""story"": ""A magical Tiger-Cat holds the key to the flower's garden, but he has disappeared into the tall grass to play hide-and-seek. Flora is looking everywhere but she just can't spot his striped tail. Can you help her find where the cat is?""
        },
        {
            ""day"": 6,
            ""title"": ""The Seed Ladder"",
            ""story"": ""The Tiger-Cat gave Flora a tiny seed that must sprout into a ladder to reach the high mountain peak. Flora doesn't know how to make a tiny seed turn into a strong vine. Will you help her reach the top by growing and taking care of a plant?""
        },
        {
            ""day"": 7,
            ""title"": ""The Final Password"",
            ""story"": ""Flora is at the mountain peak, but the magical flower is inside a bubble that only opens if you say the password: 'Luminescence.' It is a very big word, and Flora is too shy to say it alone. Can you help her by trying to say this word?""
        }
    ],
    ""outro"": {
        ""title"": ""A Hero's Success"",
        ""story"": ""Because of your amazing help, the bubble popped and the Glitter-Bloom's light restored the magic to the entire forest! Flora is so proud of her smart partner and thanks you for being such a great problem solver. You are a true hero of the Whispering Woods!""
    }
}",11.096070051193236,True,True,True,True,True,True,True,8,9.0,7.0,8.0,9.0,"The story generally follows a logical and consistent structure, but the blocker and call to action rules could be more clearly defined in each day's challenge to create a more cohesive narrative, and the themes of problem-solving and collaboration are well-executed but not particularly unique."
f0712015-acfd-4a66-b05e-249424b82f0a,model_3,model_1,v1,1,"{
    ""intro"": {
        ""title"": ""The Fairy's Quest"",
        ""story"": ""Flicker the Pixie lives in the Whispering Woods, where the lights have started to dim. She must find the legendary Crystal Rose to bring the magic back to her home. To begin her journey, she needs to get past the first big obstacle!""
    },
    ""days"": [
        {
            ""day"": 1,
            ""title"": ""The Numbered Gate"",
            ""story"": ""Flicker reaches the heavy Numbered Gate, but the lock is made of glowing math problems. She doesn't know the answers to unlock the path forward. Can you help her open the gate by doing your math homework?""
        },
        {
            ""day"": 2,
            ""title"": ""The Colorless Map"",
            ""story"": ""Beyond the gate, the forest has lost its color, and the secret map has turned completely blank. Flicker needs a splash of color to see the trail to the magical flower. Could you help her see the way by drawing an art project?""
        },
        {
            ""day"": 3,
            ""title"": ""The Bridge of Time"",
            ""story"": ""Flicker arrives at the Bridge of Time, but the stepping stones only appear when the names of the days are spoken in order. She has forgotten what comes after Monday! Will you help her cross the river by saying the days of the week?""
        },
        {
            ""day"": 4,
            ""title"": ""The Tangled Trail"",
            ""story"": ""The path to the mountains is blocked by a giant pile of messy brambles and tangled vines. Flicker is too small to move all this clutter to find the hidden tunnel. Can you help her clear the trail by cleaning your room?""
        },
        {
            ""day"": 5,
            ""title"": ""The Missing Guide"",
            ""story"": ""Flicker\u2019s guide, a tiny silver kitten, has hidden somewhere in the tall grass and won't come out. Without her friend, Flicker is lost in the deep woods. Can you help her find where the cat is?""
        },
        {
            ""day"": 6,
            ""title"": ""The Wilting Flower"",
            ""story"": ""Flicker finally finds the Crystal Rose, but its petals are dry and it is too weak to glow. She needs to see how to nurture a living thing so the flower can survive. Can you show her how it's done by growing and taking care of a plant?""
        },
        {
            ""day"": 7,
            ""title"": ""The Magic Word"",
            ""story"": ""The Crystal Rose is ready to bloom, but it will only open if a brave friend says the magic word: 'Luminara.' Flicker's voice is just a tiny whisper, and the flower needs a stronger voice. Can you try saying this word out loud for her?""
        }
    ],
    ""outro"": {
        ""title"": ""The Light Returns"",
        ""story"": ""Because of your amazing help, the Crystal Rose has bloomed and filled the entire forest with beautiful light! Flicker is so happy and knows she couldn't have solved these problems without you. You are a wonderful hero and a great friend!""
    }
}",13.734169483184814,True,True,True,True,True,True,True,8,9.0,7.0,8.0,9.0,"The story follows a clear structure and engages the child with interactive elements, but the theme of a quest to retrieve a magical item is somewhat generic. To improve, consider adding more complexity to the story's plot twists and character development, while maintaining the simple and suitable language for a child."
dd906e1b-42ab-4214-a122-c5aa15c66438,model_3,model_1,v1,2,"{
    ""intro"": {
        ""title"": ""The Quest for the Crystal Rose"",
        ""story"": ""Flora the Forest Fairy must find the legendary Crystal Rose to save the Whispering Woods from losing its magic. She has started her journey, but the path is full of tricky puzzles that she cannot solve alone.""
    },
    ""days"": [
        {
            ""day"": 1,
            ""title"": ""The Gate of Numbers"",
            ""story"": ""Flora has reached the Gate of Numbers, but it is locked tight with many math puzzles. She needs someone smart to solve the equations so the gate will swing open for her. Can you help her by doing your math homework?""
        },
        {
            ""day"": 2,
            ""title"": ""The Invisible Path"",
            ""story"": ""The path ahead has turned invisible, and Flora cannot see where to fly next. She needs a splash of beautiful color to paint the trail back to life and find her way. Will you draw an art project to show her the path?""
        },
        {
            ""day"": 3,
            ""title"": ""The Time Troll's Bridge"",
            ""story"": ""A grumpy Time Troll blocks the bridge and demands to know the names of every day in order. Flora is a bit confused and cannot remember which day comes after the next. Can you say the days of the week for her?""
        },
        {
            ""day"": 4,
            ""title"": ""The Tangled Thorns"",
            ""story"": ""Flora has reached the Valley of Tangled Thorns, where messy branches are blocking the secret entrance. She needs to clear the clutter so she can find the hidden golden key on the ground. Can you help her by cleaning your room?""
        },
        {
            ""day"": 5,
            ""title"": ""The Missing Kitty"",
            ""story"": ""The golden key is lost, and the only one who knows where it is hiding is the shy Magic Cat. Flora has searched the whole garden, but the kitty is nowhere to be found! Can you help her find where the cat is?""
        },
        {
            ""day"": 6,
            ""title"": ""The Thirsty Rose"",
            ""story"": ""Flora finally found the Crystal Rose, but it is a very tiny, thirsty bud that won't grow. She needs to see someone else being a kind gardener to know how to help it bloom. Can you grow and take care of a plant?""
        },
        {
            ""day"": 7,
            ""title"": ""The Magic Word"",
            ""story"": ""The rose is finally ready to open, but it needs a secret magic word to wake up. Flora is trying to say 'Bloom-shimmer,' but she needs your voice to help the magic work. Can you try saying this word: Bloom-shimmer?""
        }
    ],
    ""outro"": {
        ""title"": ""The Magic is Saved"",
        ""story"": ""Thanks to your hard work, the Crystal Rose has finally bloomed and filled the forest with sparkling light! Flora is so proud of you and sends a sprinkle of fairy dust as a big thank you. You are a true magic hero!""
    }
}",12.787710428237917,True,True,True,True,True,True,True,8,9.0,7.0,8.0,9.0,"The story follows a logical plot and adheres to the 7-day structure, but the theme of a fairy on a quest is somewhat generic. To improve, consider adding more unique twists to the storyline and character development."
ca124715-2e7b-4f58-a976-ef9910af95a4,model_3,model_1,v2,0,"{
    ""intro"": {
        ""title"": ""The Missing Magic"",
        ""story"": ""Flora the fairy lives in the Whispering Woods where a special flower has gone missing. This Rainbow Rose only blooms once a century to keep the forest magical. Flora needs your help to find the hidden path leading to its secret garden. Can you help her on this long journey through the enchanted land?""
    },
    ""days"": [
        {
            ""day"": 1,
            ""title"": ""The Numbered Gate"",
            ""story"": ""Flora reaches the Stone Gate, but it requires a secret numerical code to open. She is confused by the numbers etched into the rock and needs a smart partner. If you finish your math homework, the gate will recognize your wisdom and swing wide. Can you complete your math problems today so Flora can pass the gate?""
        },
        {
            ""day"": 2,
            ""title"": ""The Colorless Woods"",
            ""story"": ""Past the gate, the forest floor is grey and dull because the Color Sprite is sleeping. Flora needs a bright picture to wake the sprite and bring back the path's glow. You must create a beautiful art project to show the sprite what beauty looks like. Will you draw a colorful art project today to help light the way?""
        },
        {
            ""day"": 3,
            ""title"": ""The River of Time"",
            ""story"": ""The bridge across the Singing River only appears when the calendar of time is recited correctly. Flora is a bit forgetful and can't remember the names of the seven magical cycles. By saying the days of the week out loud, you will build a solid bridge for her. Can you say the days of the week for Flora right now?""
        },
        {
            ""day"": 4,
            ""title"": ""The Messy Thicket"",
            ""story"": ""Flora finds a messy thicket where the magical maps are hidden under piles of old leaves and twigs. The maps will only reveal themselves if the space around them is tidy and organized. If you clean your room, the magic of order will clear the thicket for the fairy. Will you help Flora by cleaning your room today?""
        },
        {
            ""day"": 5,
            ""title"": ""The Sleeping Guardian"",
            ""story"": ""A giant, friendly cat has fallen asleep right on top of the map Flora needs to read. She cannot wake the heavy creature, so she needs you to track its presence in your own world. Finding your cat will create a psychic link that moves the forest cat out of the way. Can you find where the cat is hiding right now?""
        },
        {
            ""day"": 6,
            ""title"": ""The Empty Garden"",
            ""story"": ""The map leads to a barren patch of earth where the Rainbow Rose is supposed to grow. The ground is dry and needs the energy of a growing living thing to wake the seed. You must nurture a plant at home to share your life-giving energy with the fairy's garden. Will you grow and take care of a plant today?""
        },
        {
            ""day"": 7,
            ""title"": ""The Final Spell"",
            ""story"": ""A tiny green sprout appears, but it needs a powerful ancient word to bloom into a flower. The word is \""Everbloom,\"" and it must be spoken with a brave and steady voice. Flora is too nervous to whisper it alone and needs you to say it with her. Can you try saying the word \""Everbloom\"" out loud for her?""
        }
    ],
    ""outro"": {
        ""title"": ""The Forest Blooms Again"",
        ""story"": ""As you spoke the word, the Rainbow Rose burst into a brilliant display of glowing petals. Flora watched in wonder as the magic returned to the forest thanks to your hard work. You solved every puzzle and completed every task to save the fairy's home. Thank you for being the best magical partner a fairy could ever have!""
    }
}",10.824656009674072,True,True,True,True,True,True,True,8,9.0,7.0,8.0,9.0,"The story's creativity is somewhat hindered by its reliance on generic fantasy elements, but the puzzles and tasks are well-integrated into the narrative, making it a engaging story for children. To improve, consider adding more unique twists to the plot and character development."
9314e317-0e10-4f6a-8830-0835a2cec0c1,model_3,model_1,v2,1,"{
    ""intro"": {
        ""title"": ""The Fading Forest"",
        ""story"": ""Elara the Sparkle Fairy lived in a tiny cottage inside a hollow oak tree. One morning, she noticed that the forest colors were starting to fade away. She needed to find the legendary Rainbow Bloom to bring the vibrant magic back. But the path to the flower was blocked by many tricky riddles and chores.""
    },
    ""days"": [
        {
            ""day"": 1,
            ""title"": ""The Gate of Numbers"",
            ""story"": ""Elara reached the gate of the Whispering Woods, but it was locked with a number puzzle. To open the gate, she had to solve a series of additions to prove her wisdom. She is a bit confused by the numbers and needs a smart partner to help. Can you finish doing your math homework so we can unlock the gate together?""
        },
        {
            ""day"": 2,
            ""title"": ""The Gray Bridge"",
            ""story"": ""Beyond the gate, the world looked very gray and needed some creative color. Elara found a blank canvas that would turn into a bridge if it was painted beautifully. She needs a wonderful design to show the magic of the Rainbow Bloom. Will you draw an art project for her so the bridge will appear?""
        },
        {
            ""day"": 3,
            ""title"": ""The Turtle's Calendar"",
            ""story"": ""A grumpy turtle blocked the path and said he only lets friends pass on certain days. Elara forgot what the days were called and couldn't tell him when they should meet. The turtle is waiting patiently for her to name every single day in order. Can you help Elara pass the turtle by saying the days of the week?""
        },
        {
            ""day"": 4,
            ""title"": ""The Cluttered Cave"",
            ""story"": ""The path led into a messy cave where the magical map was hidden under piles of clutter. Elara tried to fly around, but there were too many obstacles in her way. She knows that a tidy space makes it much easier to find lost treasures. Please clean your room so Elara can find the map in her tidy cave!""
        },
        {
            ""day"": 5,
            ""title"": ""The Missing Compass"",
            ""story"": ""A sneaky forest cat ran away with Elara's silver compass during their game of hide-and-seek. Without the compass, Elara cannot tell which way leads to the mountain peak. The cat is very good at hiding behind furniture and in dark corners. Can you help Elara by going to find where your cat is hiding?""
        },
        {
            ""day"": 6,
            ""title"": ""The Thirsty Sprout"",
            ""story"": ""Elara finally reached the hidden garden where the Rainbow Bloom was supposed to grow. However, the ground was dry and the little sprout looked very thirsty and sad. It needs special attention and a kind hand to help it grow tall and strong. Will you help the flower thrive by learning to grow and take care of a plant?""
        },
        {
            ""day"": 7,
            ""title"": ""The Magic Word"",
            ""story"": ""The Rainbow Bloom was almost ready to open, but it needed a magic activation word. The word is very long and sounds like Luminescence, which means a glowing light. Elara is nervous about saying it correctly and needs you to practice with her. Can you help her wake the flower by trying to say the word Luminescence?""
        }
    ],
    ""outro"": {
        ""title"": ""The Forest Blooms Again"",
        ""story"": ""As soon as you spoke the word, the Rainbow Bloom burst into a thousand colors. Magic flowed through the forest, making the leaves green and the berries bright again. Elara cheered because your hard work and help made the impossible journey a success. You are a true hero of the woods and Elara will always be your friend.""
    }
}",17.533171892166138,True,True,True,True,True,True,True,8,9.0,7.0,8.0,9.0,"The blocker in this story is the engagement with the reader, as it frequently breaks the fourth wall and instructs the reader to perform tasks to progress the story, which may disrupt the flow for some readers. To improve, the author could consider integrating these interactive elements more organically into the narrative, allowing the reader to feel like they are contributing to the story without being explicitly told what to do."
030fb2b3-a2d0-4f9a-ba13-ef16582f2f9e,model_3,model_1,v2,2,"{
    ""intro"": {
        ""title"": ""The Quest for the Rainbow Lily"",
        ""story"": ""Flicker the fairy woke up with a very important mission today. She needed to find the rare Rainbow Lily to save the Whispering Woods. Without its magical glow, the forest would lose all its vibrant colors forever. Flicker packed her shimmering bag and set off on a grand adventure.""
    },
    ""days"": [
        {
            ""day"": 1,
            ""title"": ""The Giant's Riddle"",
            ""story"": ""The path to the Crystal River was blocked by a grumpy stone giant. He said no one could pass until they solved the ancient numbers of the earth. Flicker needs you to use your brainpower to help her clear the way. Please do your math homework so Flicker can cross the giant's bridge!""
        },
        {
            ""day"": 2,
            ""title"": ""The Colorless Map"",
            ""story"": ""On the other side, Flicker found a plain white map that showed no paths. A wise butterfly told her the map only reveals secrets when art is created nearby. Your creativity is the key to showing her which direction to fly next. Can you draw an art project to help color in Flicker\u2019s magical map?""
        },
        {
            ""day"": 3,
            ""title"": ""The Clock of Days"",
            ""story"": ""The map led her to the Time-Keeper\u2019s Tower high in the clouds. The Time-Keeper told her the Lily only blooms during a very specific cycle. He needs to hear the names of the days to set his magical clock correctly. Will you say the days of the week out loud to start the clock?""
        },
        {
            ""day"": 4,
            ""title"": ""The Cluttered Valley"",
            ""story"": ""Flicker reached the Dusty Valley, but a pile of enchanted clutter blocked the trail. The trail is buried under so many things that Flicker cannot see where she is going. She needs a tidy space to find the hidden path leading to the flower. Can you please clean your room so the path becomes clear for Flicker?""
        },
        {
            ""day"": 5,
            ""title"": ""The Lost Guide"",
            ""story"": ""Near the edge of the valley, Flicker\u2019s guide, a small glowing kitten, went missing. The kitten is the only one who can sniff out the Rainbow Lily\u2019s hidden scent. Flicker is worried and needs your sharp eyes to locate her fuzzy friend. Can you look around your house and find where the cat is hiding?""
        },
        {
            ""day"": 6,
            ""title"": ""The Sleeping Seeds"",
            ""story"": ""They finally arrived at the sacred garden, but the ground was very dry. The Rainbow Lily seeds are sleeping and need someone to show them how to grow. Flicker needs you to demonstrate how to nurture a living thing with love. Will you grow and take care of a plant to encourage the seeds?""
        },
        {
            ""day"": 7,
            ""title"": ""The Magic Word"",
            ""story"": ""A single green sprout appeared, but it needs a magic word to blossom. The word is \""Luminosa,\"" and it must be spoken with a brave and clear heart. Flicker is too nervous to whisper the spell correctly all by herself. Can you try saying the word \""Luminosa\"" to help the flower finally bloom?""
        }
    ],
    ""outro"": {
        ""title"": ""The Forest is Saved"",
        ""story"": ""As soon as you spoke, the Rainbow Lily burst into a spectacular glow. Flicker cheered as the vibrant colors returned to every leaf in the forest. Your hard work and help made this incredible rescue mission a success. Flicker flies home happily, knowing she has a wonderful human friend like you.""
    }
}",42.016132831573486,True,True,True,True,True,True,True,8,9.0,7.0,8.0,9.0,"The story has a clear structure, but the plot relies heavily on the 'call to action' rules, making it feel a bit predictable. To improve, consider adding more character development and varying the way the 'blocker' rules are presented to create more surprise and engagement for the reader."
fa83fe74-a6d9-4e5a-b8e4-15dd7efef4a7,model_3,model_1,simple,3,"{
    ""intro"": {
        ""title"": ""Lila's Bright Idea"",
        ""story"": ""Lila the fairy needs to find the glowing Star Bloom to light up the dark forest. She must complete many tasks to find the secret garden where it grows.""
    },
    ""days"": [
        {
            ""day"": 1,
            ""title"": ""The Locked Map"",
            ""story"": ""Lila finds a locked map box that needs a clever mind to open. You can help her unlock it by doing your math homework today.""
        },
        {
            ""day"": 2,
            ""title"": ""The Colorless Bridge"",
            ""story"": ""The map shows a bridge that has lost all its bright and beautiful colors. To help Lila cross the bridge safely, please draw an art project for her.""
        },
        {
            ""day"": 3,
            ""title"": ""The Wise Turtle"",
            ""story"": ""A giant turtle blocks the path and asks for a secret code about time. Lila can pass the turtle if you say the days of the week out loud.""
        },
        {
            ""day"": 4,
            ""title"": ""The Messy Path"",
            ""story"": ""The forest floor is covered in messy branches that block the fairy trail. Lila needs you to clean your room so the magic path becomes clear again.""
        },
        {
            ""day"": 5,
            ""title"": ""A Furry Friend"",
            ""story"": ""Lila hears a tiny meow coming from a bush and needs to find her lost friend. You can help her continue her search if you go find where the cat is.""
        },
        {
            ""day"": 6,
            ""title"": ""The Thirsty Garden"",
            ""story"": ""The magical garden is finally reached, but the tiny flowers are very thirsty and sad. Lila needs you to grow and take care of a plant to show her how it is done.""
        },
        {
            ""day"": 7,
            ""title"": ""The Magic Word"",
            ""story"": ""The Star Bloom is right in front of Lila, but it needs a magic word to wake up. Please help her by trying to say the word Luminescent.""
        }
    ],
    ""outro"": {
        ""title"": ""A Forest Full of Light"",
        ""story"": ""The flower glows with a beautiful light and the forest is happy once more. Lila waves goodbye and thanks you for being such a wonderful helper.""
    }
}",8.434470176696777,True,True,True,True,True,True,True,8,9.0,7.0,8.0,9.0,"The story follows a logical sequence, but it relies heavily on generic fairy tale elements. To improve, consider adding more unique twists to the plot and character development, while maintaining the simple language and consistent structure that makes it suitable for children."
3a2d8b78-16fc-454b-8092-bbbb4a74c440,model_3,model_1,v1,3,"{
    ""intro"": {
        ""title"": ""The Quest for the Star Bloom"",
        ""story"": ""Flora the Pixie must find the glowing Star Bloom to bring light back to the Whispering Woods. To reach it, she must travel through an enchanted valley and solve difficult challenges.""
    },
    ""days"": [
        {
            ""day"": 1,
            ""title"": ""The Numbered Gate"",
            ""story"": ""Flora reaches a heavy silver gate that will only open if she can solve the guardian's number riddles. She is confused by the counting and cannot move forward alone. Can you help me by doing your math homework?""
        },
        {
            ""day"": 2,
            ""title"": ""The Invisible Bridge"",
            ""story"": ""A deep canyon blocks the path, and the bridge is invisible until someone paints a colorful map to find it. Flora doesn't have any colors and is stuck on the edge of the cliff. Can you help me by drawing your art project?""
        },
        {
            ""day"": 3,
            ""title"": ""The Time Keeper's Clock"",
            ""story"": ""A giant mechanical owl guards the trail and will only step aside if Flora names the seven circles of time. Flora has forgotten the names and the owl is blocking her way. Can you help me by saying the days of the week?""
        },
        {
            ""day"": 4,
            ""title"": ""The Tangled Forest"",
            ""story"": ""The trail is covered in messy thorns and clutter that make it impossible for Flora to fly through safely. She needs a clear, tidy space to find the hidden path. Can you help me by cleaning your room?""
        },
        {
            ""day"": 5,
            ""title"": ""The Missing Guide"",
            ""story"": ""Flora needs to follow her friend Whisker the Magic Cat to find the secret cave, but he has hidden himself away. Without her guide, Flora is lost in the dark shadows. Can you help me by finding where the cat is?""
        },
        {
            ""day"": 6,
            ""title"": ""The Thirsty Sprout"",
            ""story"": ""Flora finally finds the Star Bloom, but it is just a tiny, wilting seedling that needs strength to grow. It won't bloom unless it sees someone else nurturing a green friend. Can you help me by growing and taking care of a plant?""
        },
        {
            ""day"": 7,
            ""title"": ""The Magic Password"",
            ""story"": ""The flower is ready to open, but it requires a powerful magic word to be spoken out loud to wake its petals. Flora\u2019s voice is too small to wake the magic alone. Can you help me by trying to say the word 'Luminescence'?""
        }
    ],
    ""outro"": {
        ""title"": ""The Forest Sparkles Again"",
        ""story"": ""Because of your hard work and help every day, the Star Bloom has finally opened and saved the woods! Flora is so proud of you for being such a brave and helpful partner. You are a true hero of the fairy realm!""
    }
}",8.50550103187561,True,True,True,True,True,True,True,8,9.0,7.0,8.0,9.0,"The story excels in its consistency and coherence, with a clear structure and logical progression. However, it falls short in creativity, relying on somewhat generic challenges and a familiar 'quest' narrative, and the call to action is not fully integrated into the story, feeling more like a separate task for the reader."
319d50c6-c10f-4506-a6f4-19fc706e2dd9,model_3,model_1,v2,3,"{
    ""intro"": {
        ""title"": ""The Fading Garden"",
        ""story"": ""Flora the Sparkle Fairy was sad because her garden's magic was fading away. She needed to find the Moon-Glow Lily to bring the colors back to her home. The map to the lily was hidden behind a series of difficult magical locks. She cannot open the path alone and needs your help to find the flower.""
    },
    ""days"": [
        {
            ""day"": 1,
            ""title"": ""The Number Gate"",
            ""story"": ""Flora arrived at the first gate, but it was locked with a tricky number puzzle. The gatekeeper said the key only appears when a human child solves their own logic challenges. If you can finish your math homework, the gate will finally swing wide open for us. Can you please finish your math homework so we can pass through?""
        },
        {
            ""day"": 2,
            ""title"": ""The Grey Woods"",
            ""story"": ""Beyond the gate, the forest was grey and needed more color to wake up. Flora has run out of fairy dust to paint the beautiful landscape back to life. If you draw a colorful art project, the forest will see it and bloom again. Will you draw a beautiful art project to help us brighten the woods?""
        },
        {
            ""day"": 3,
            ""title"": ""The Sleepy Tree"",
            ""story"": ""A talking tree blocked the path and said he only moves on certain days. He has forgotten the names of the days and is stuck in a deep, sleepy trance. You must remind him how time flows so he knows it is time to move aside. Can you say all the days of the week out loud to wake him up?""
        },
        {
            ""day"": 4,
            ""title"": ""The Crystal Cave"",
            ""story"": ""The map led Flora to a messy cave filled with scattered, dusty pebbles. She needs to find a hidden crystal under the clutter to light the way forward. As you tidy up your own space, the magic will clear the cave's mess too. Please clean your room so we can find the crystal hidden in the cave!""
        },
        {
            ""day"": 5,
            ""title"": ""The Sprite's Friend"",
            ""story"": ""Flora met a tiny sprite who lost his favorite animal companion in the tall grass. Without his friend, the sprite is too sad to show us the secret tunnel entrance. Finding a hidden friend in your world will help the sprite find his lost pet too. Can you look around and find where the cat is hiding right now?""
        },
        {
            ""day"": 6,
            ""title"": ""Whispering Peak"",
            ""story"": ""They reached the Whispering Peak, but the soil there was dry and very empty. The Moon-Glow Lily needs a sister plant to be nearby before it can safely bloom. Your gentle care for a living thing will give Flora the power to plant here. Will you help us by growing and taking care of a real plant today?""
        },
        {
            ""day"": 7,
            ""title"": ""The Final Bloom"",
            ""story"": ""At last, the Moon-Glow Lily appeared, but its petals were tightly closed. The only way to make it open is to speak the ancient magic word of \""Flourish.\"" Flora is too breathless from her long journey to say the magic word herself. Can you try saying the word \""Flourish\"" as clearly as you can for us?""
        }
    ],
    ""outro"": {
        ""title"": ""A Garden Restored"",
        ""story"": ""As you spoke the word, the Moon-Glow Lily burst into a radiant, sparkling light. Flora\u2019s garden was instantly restored with vibrant colors and magical sparkles everywhere. She could not have saved the magic forest without your hard work and help. You are a true hero and Flora will always remember your kindness!""
    }
}",10.4933922290802,True,True,True,True,True,True,True,8,9.0,7.0,8.0,9.0,"The story generally follows a logical structure, but some days feel a bit disconnected from the main goal of finding the Moon-Glow Lily. To improve, consider adding more transitional phrases or sentences to guide the reader through the journey and make the story feel more cohesive."
2847a4e9-f072-4daa-a2e6-c3b6a9003951,model_1,model_3,simple,3,"{
    ""intro"": {
        ""title"": ""The Magical Flower Adventure"",
        ""story"": ""In a land far, far away, a little fairy named Lily was on a mission to find the most magical flower in the world, and she needed to solve many problems to get there. She had heard that the flower bloomed only once a year, and she had to find it before it disappeared.""
    },
    ""days"": [
        {
            ""day"": 1,
            ""title"": ""Day 1: Math Homework"",
            ""story"": ""Lily started her journey by doing her math homework, because she knew that if she didn't, she wouldn't be able to measure the distance to the flower. After finishing her homework, she felt proud and ready to continue her adventure.""
        },
        {
            ""day"": 2,
            ""title"": ""Day 2: Art Project"",
            ""story"": ""On the second day, Lily drew an art project, which was a map that would lead her to the magical flower, and she used all her creativity to make it as accurate as possible. With her map in hand, she felt more confident than ever that she would find the flower.""
        },
        {
            ""day"": 3,
            ""title"": ""Day 3: Days of the Week"",
            ""story"": ""Lily then had to say the days of the week in order to figure out which day the flower would bloom, and she remembered that it would bloom on the seventh day. She was getting closer and closer to her goal, and she couldn't wait to see the flower.""
        },
        {
            ""day"": 4,
            ""title"": ""Day 4: Cleaning the Room"",
            ""story"": ""On the fourth day, Lily cleaned her room, because she knew that a clean room would give her a clear mind to think about her next steps, and she found a hidden clue that would help her on her journey. With her room spotless, she felt refreshed and ready to move forward.""
        },
        {
            ""day"": 5,
            ""title"": ""Day 5: Finding the Cat"",
            ""story"": ""The next day, Lily had to find her cat, Whiskers, who had gone missing, and she used her problem-solving skills to track Whiskers down. When she finally found Whiskers, she was relieved and happy to have her pet back by her side.""
        },
        {
            ""day"": 6,
            ""title"": ""Day 6: Growing a Plant"",
            ""story"": ""On the sixth day, Lily grew and took care of a plant, which taught her about the importance of nurturing and patience, and she realized that these qualities would help her take care of the magical flower when she found it. With her plant thriving, she felt a sense of accomplishment and pride.""
        },
        {
            ""day"": 7,
            ""title"": ""Day 7: Saying a New Word"",
            ""story"": ""Finally, on the seventh day, Lily tried saying the word 'photynthesis,' which was a big word, but she was determined to say it correctly, and when she did, the magical flower bloomed right in front of her. With the flower in hand, Lily returned home, feeling happy and fulfilled, knowing that she had solved all the problems and achieved her goal.""
        }
    ],
    ""outro"": {
        ""title"": ""The End of the Adventure"",
        ""story"": ""Lily's adventure came to an end, but she knew that she would always remember the magical flower and the problems she had to solve to get it. She realized that problem-solving was an essential part of life and that it could lead to incredible discoveries and achievements.""
    }
}",5.055004596710205,True,True,True,True,True,True,True,4,9.0,3.0,4.0,9.0,"The story lacks narrative tension because the 'blockers' are mundane daily chores that feel disconnected from a magical quest. While the call to action is clear, the tasks (like doing homework or cleaning a room) act as literal educational checkpoints rather than organic plot obstacles."
b26fd816-adae-4203-aa8f-f465e23a109f,model_1,model_3,v1,3,"{
    ""intro"": {
        ""title"": ""The Quest for the Golden Bloom"",
        ""story"": ""In a world filled with magic, a fairy named Lily is on a quest to find the elusive Golden Bloom, a flower with the power to bring light and joy to all the fairies. She needs the help of a special friend, and that's you! Get ready for an adventure.""
    },
    ""days"": [
        {
            ""day"": 1,
            ""title"": ""Fairy's Journey Begins"",
            ""story"": ""In a land of sparkling flowers, a fairy named Lily set out to find the magical Golden Bloom. She needs help from a friend to solve math problems that will reveal the path. Can you do your math homework to help Lily find the first clue?""
        },
        {
            ""day"": 2,
            ""title"": ""Drawing a Map"",
            ""story"": ""Lily found a cryptic map that needs colorful markings to reveal hidden patterns. She requires a beautiful art project to unlock the next step. Can you draw an art project to help Lily decipher the map?""
        },
        {
            ""day"": 3,
            ""title"": ""Weekly Wisdom"",
            ""story"": ""To cross the Shimmering River, Lily must say the days of the week in the correct order to synchronize the stepping stones. She's having trouble remembering them. Can you say the days of the week to help Lily get across?""
        },
        {
            ""day"": 4,
            ""title"": ""Cleaning for Clues"",
            ""story"": ""Lily arrived at a messy meadow where the next clue is hidden among the rubbish. She needs a tidy space to find the hidden message. Can you clean your room to inspire Lily to clean the meadow and find the clue?""
        },
        {
            ""day"": 5,
            ""title"": ""Whisker Wisdom"",
            ""story"": ""In theWhispering Woods, a wise cat holds the secret to the next stage, but the cat is hiding. Lily needs help finding the cat. Can you find where the cat is in your house to help Lily discover the cat's hiding spot?""
        },
        {
            ""day"": 6,
            ""title"": ""Green Thumb"",
            ""story"": ""To nurture the magical Golden Bloom, Lily must learn to grow and take care of a plant. She's struggling to keep her plant alive. Can you grow and take care of a plant to teach Lily the secrets of nurturing?""
        },
        {
            ""day"": 7,
            ""title"": ""Magical Word"",
            ""story"": ""The final step to finding the Golden Bloom requires Lily to pronounced a magical word correctly. She's having trouble saying 'phosphorescence'. Can you try saying this word to help Lily unlock the Golden Bloom's location?""
        }
    ],
    ""outro"": {
        ""title"": ""The Golden Bloom Found"",
        ""story"": ""With your help, Lily successfully found the Golden Bloom, and its light filled the land, thanks to your efforts and problem-solving skills. Congratulations, you're an honorary fairy helper!""
    }
}",2.2865912914276123,True,True,True,True,True,True,True,6,5.0,3.0,5.0,8.0,"The blockers successfully integrate real-world tasks, but the Day 6 requirement to 'grow a plant' is logically impossible to complete within a single day. While the calls to action are clear, the narrative lacks rising tension, functioning more as a chore list than a building adventure."
86ae5b6b-7e1c-4092-9542-1ace17a55fef,model_1,model_3,v2,3,"{
    ""intro"": {
        ""title"": ""The Quest for the Magical Flower"",
        ""story"": ""In a land of sparkling fairy dust, a little fairy named Lily lived in a tiny village surrounded by a vast forest. She had always been fascinated by the stories of a magical flower that bloomed only once a year, and she longed to find it. The flower was said to have the power to grant any wish, and Lily wanted to wish for the happiness of all the creatures in the forest. She decided to embark on a journey to find the magical flower, and she needed your help to succeed.""
    },
    ""days"": [
        {
            ""day"": 1,
            ""title"": ""The Journey Begins"",
            ""story"": ""In a land of sparkling fairy dust, a little fairy named Lily set out on a quest to find the magical flower that bloomed only once a year. She had heard that this flower had the power to grant any wish, and she wanted to wish for the happiness of all the creatures in the forest. To start her journey, Lily needed to pack her bags, but she realized she had forgotten to do her math homework and couldn't concentrate on packing. Can you help Lily by doing your math homework so she can focus on her journey?""
        },
        {
            ""day"": 2,
            ""title"": ""Through the Enchanted Forest"",
            ""story"": ""Lily entered the enchanted forest, where the trees whispered secrets to each other and the creatures danced under the moonlight. As she wandered deeper into the forest, she stumbled upon a hidden clearing where the creatures were preparing for a grand festival. The creatures asked Lily to create a beautiful art piece to decorate the festival grounds, but Lily's artistic skills were a bit rusty. Can you help Lily by drawing an art project that will make the festival grounds look magnificent?""
        },
        {
            ""day"": 3,
            ""title"": ""The Mysterious Path"",
            ""story"": ""Lily continued her journey, following a winding path that led her through a dark cave and over a sparkling stream. As she walked, she noticed that the path was marked with strange symbols that seemed to point to the days of the week. Lily realized that she needed to remember the days of the week in the correct order to unlock the next stage of her journey. Can you help Lily by saying the days of the week so she can unlock the path?""
        },
        {
            ""day"": 4,
            ""title"": ""The Hidden Glade"",
            ""story"": ""After unlocking the path, Lily entered a hidden glade where the creatures were busy preparing for the upcoming harvest festival. However, the glade was cluttered with leaves and twigs, and the creatures were too busy to clean it up. Lily offered to help, but she realized that she needed to clean her own room first to get inspired. Can you help Lily by cleaning your room so she can help the creatures clean the glade?""
        },
        {
            ""day"": 5,
            ""title"": ""The Missing Kitten"",
            ""story"": ""As Lily was cleaning the glade, she heard a faint meowing sound coming from behind a bush. She found a little kitten who had wandered away from its mother and was now lost in the glade. The kitten's mother was frantically searching for her little one, and Lily offered to help. Can you help Lily by finding where the cat is in your own house so she can learn how to search for the kitten?""
        },
        {
            ""day"": 6,
            ""title"": ""The Magical Garden"",
            ""story"": ""Lily and the kitten's mother finally found the little ball of fur, and as a reward, the mother took Lily to a magical garden where the most beautiful flowers bloomed. However, the garden was withering away, and the mother explained that it needed someone to take care of it. Lily offered to help, but she needed to learn how to grow and take care of a plant first. Can you help Lily by growing and taking care of a plant so she can revive the magical garden?""
        },
        {
            ""day"": 7,
            ""title"": ""The Final Challenge"",
            ""story"": ""After reviving the magical garden, Lily was one step closer to finding the magical flower. However, the garden's gate was locked, and the key was hidden behind a sign that read 'phylloxera' - a word that Lily had never heard before. The creatures told her that she needed to pronounce the word correctly to unlock the gate. Can you help Lily by trying to say this word so she can unlock the gate and find the magical flower?""
        }
    ],
    ""outro"": {
        ""title"": ""The Magical Flower Blooms"",
        ""story"": ""With your help, Lily was able to overcome all the challenges and finally found the magical flower. As she touched its petals, the flower bloomed, and its fragrance filled the air. The creatures of the forest gathered around, and Lily wished for their happiness. The magical flower granted her wish, and the forest was filled with joy and laughter, all thanks to your help and Lily's determination.""
    }
}",3.4537949562072754,True,True,True,True,True,True,True,6,9.0,4.0,5.0,6.0,"The blockers feel disconnected from the magical setting, such as a fairy needing help with 'math homework,' which breaks immersion. Additionally, the calls to action range from impractical for a single day (growing a plant) to exclusionary (finding a cat in your house)."
