run_id,model,judge_model,prompt_version,run_number,output,latency,generation_success,eval_success,has_7_days,has_intro,has_outro,intro_is_concise,outro_is_concise,coherence,consistency,creativity,progression,language,feedback
2ff6dc78-ab51-4bd2-b663-1ea1d3813878,model_1,model_3,v1,0,"{
    ""intro"": {
        ""title"": ""The Fairy's Quest"",
        ""story"": ""In a magical forest, a fairy named Lily lived with her ailing mother, who needed a magical flower to heal. The fairy set out on a journey to find the flower, but she needed help from a friendly child.""
    },
    ""days"": [
        {
            ""day"": 1,
            ""title"": ""The Fairy's Quest Begins"",
            ""story"": ""In a magical forest, a fairy named Lily needed a magical flower to heal her ailing mother. She set out on a journey, but first, she had to solve a math problem to unlock the path. Can you help her by doing your math homework?""
        },
        {
            ""day"": 2,
            ""title"": ""Crossing the River"",
            ""story"": ""Lily reached a river and needed a raft to cross it, but the raft maker demanded to see a beautiful art project in exchange for the raft. Lily didn't know how to draw, can you help her by drawing an art project?""
        },
        {
            ""day"": 3,
            ""title"": ""The Mysterious Calendar"",
            ""story"": ""Lily found a mysterious calendar that could reveal the flower's location, but it was locked, and the key was hidden behind a door with a sign that said 'only those who can say the days of the week can enter'. Can you help her by saying the days of the week?""
        },
        {
            ""day"": 4,
            ""title"": ""The Hidden Map"",
            ""story"": ""Lily discovered a chest that contained a map to the flower, but the chest was too messy to find it. She needed a tidy space to search, can you help her by cleaning your room to inspire her to clean the chest?""
        },
        {
            ""day"": 5,
            ""title"": ""The Disappearing Cat"",
            ""story"": ""Lily's cat friend, Whiskers, had the ability to sniff out the flower, but Whiskers was nowhere to be found. Can you help Lily find Whiskers by looking for where the cat is?""
        },
        {
            ""day"": 6,
            ""title"": ""The Magical Greenhouse"",
            ""story"": ""Lily stumbled upon a magical greenhouse where the flower might be growing, but it was neglected and needed care. Can you help her by growing and taking care of a plant to learn how to nurture the flower?""
        },
        {
            ""day"": 7,
            ""title"": ""The Secret Word"",
            ""story"": ""Lily finally found the flower, but it was locked in a glass case with a sign that said 'only those who can say the word 'photynthesis' can unlock it'. Can you help her by trying to say this word?""
        }
    ],
    ""outro"": {
        ""title"": ""The Happy Ending"",
        ""story"": ""Thanks to your help, Lily found the magical flower and healed her mother, and they all lived happily ever after in the magical forest, filled with love, laughter, and sparkling fairy dust.""
    }
}",2.5617125034332275,True,True,True,True,True,True,True,6,10.0,3.0,5.0,7.0,"The story provides clear daily blockers, though the logical connection between the child’s tasks and Lily’s progress is occasionally tenuous. While the calls to action are consistently interactive, the climax lacks narrative tension, resolving the quest with a vocabulary test rather than an adventurous feat."
f7d88cc2-2d0d-4801-9299-ea0560758a29,model_1,model_3,v2,0,"{
    ""intro"": {
        ""title"": ""The Journey Begins"",
        ""story"": ""In a land far, far away, a fairy named Lily lived in a small village surrounded by a vast forest. She had heard of a magical flower that had the power to heal any hurt or sickness, and she was determined to find it. The villagers told her that the journey would be difficult, but she was brave and decided to go anyway. Can you join Lily on her journey and help her overcome any obstacles she may face?""
    },
    ""days"": [
        {
            ""day"": 1,
            ""title"": ""The Fairy's Journey Begins"",
            ""story"": ""In a land far, far away, a fairy named Lily set out on a journey to find the magical flower that would grant her the power to heal any hurt or sickness. She had heard that the flower was hidden deep within a forest, and she was determined to find it. As she flew over the treetops, she realized she needed to navigate through the forest, and for that, she needed to understand the map, which required her to do her math homework. Can you help Lily by doing your math homework so she can decipher the map and continue her journey?""
        },
        {
            ""day"": 2,
            ""title"": ""Crossing the River"",
            ""story"": ""Lily came across a wide river that she needed to cross, and she remembered that the map had a clue that required her to be creative. She needed to draw an art project that would help her figure out how to cross the river safely, as the clue was hidden within a painting. The river was too deep to fly over, and she couldn't find any boats, so she had to think of something else. Can you draw an art project that will help Lily find a way to cross the river and get closer to the magical flower?""
        },
        {
            ""day"": 3,
            ""title"": ""The Path Unfolds"",
            ""story"": ""After crossing the river, Lily found herself at a crossroads with many paths to choose from, and she wasn't sure which one to take. She needed to remember the days of the week in the correct order to unlock a secret door that would reveal the right path. The door had a puzzle that required her to say the days of the week to open it. Can you help Lily by saying the days of the week so she can open the door and find the correct path?""
        },
        {
            ""day"": 4,
            ""title"": ""The Hidden Clearing"",
            ""story"": ""As Lily walked through the forest, she came across a clearing that was filled with trash and leaves, and she knew she had to clean it up to find any clues. She needed a clean space to search for the magical flower, but it was too much work for her to do alone. The clearing was messy, and she couldn't find anything useful, so she had to clean it up. Can you help Lily by cleaning your room, which will give her the energy to clean the clearing and find any hidden clues?""
        },
        {
            ""day"": 5,
            ""title"": ""A Friendly Ally"",
            ""story"": ""While cleaning the clearing, Lily met a friendly cat who offered to help her on her journey, but the cat was hiding and she needed to find it. The cat knew the forest very well and could lead Lily to the magical flower, but she had to find the cat first. The cat was hiding behind a tree, and Lily needed help to find it. Can you help Lily by finding where the cat is hiding so she can ask for its help and guidance?""
        },
        {
            ""day"": 6,
            ""title"": ""Nourishing the Soil"",
            ""story"": ""The cat told Lily that the magical flower required a special kind of soil to grow, and she needed to grow and take care of a plant to create that soil. The plant needed to be watered and given sunlight, and Lily had to take care of it for a few days. The plant was delicate, and Lily had to make sure it was healthy. Can you help Lily by growing and taking care of a plant, which will help her create the special soil for the magical flower?""
        },
        {
            ""day"": 7,
            ""title"": ""The Final Challenge"",
            ""story"": ""After a few days, the plant was ready, and Lily used its soil to plant the magical flower, but she needed to say a magical word to make it bloom. The word was difficult to pronounce, and Lily needed help to say it correctly. The word was 'flibberdigibbet,' and Lily had to practice saying it. Can you help Lily by trying to say the word 'flibberdigibbet' so she can make the magical flower bloom and achieve her goal?""
        }
    ],
    ""outro"": {
        ""title"": ""The Magical Flower Blooms"",
        ""story"": ""With your help, Lily was able to say the word 'flibberdigibbet' correctly, and the magical flower bloomed, giving her the power to heal any hurt or sickness. The villagers were amazed, and they all thanked you for your help. Lily used her newfound power to help those in need, and the village became a happier and healthier place. You helped Lily achieve her goal, and you should be very proud of yourself for being a part of her amazing journey.""
    }
}",5.79467511177063,True,True,True,True,True,True,True,5,9.0,4.0,7.0,9.0,"The story suffers from a logical contradiction in Day 2 where a flying fairy is suddenly unable to cross a river, undermining the obstacle's credibility. While the calls to action are clear, some tasks like cleaning a room to provide 'energy' feel narratively disconnected from the fairy’s world."
f02ae6a6-273c-482b-89fe-fa4f19131da6,model_3,model_1,v1,0,"{
    ""intro"": {
        ""title"": ""Flora's Bright Mission"",
        ""story"": ""Meet Flora, a tiny garden fairy on a big mission to find the lost Glow-Flower. The forest is losing its sparkle, and only this magical bloom can bring the colors back! Are you ready to help her on this quest?""
    },
    ""days"": [
        {
            ""day"": 1,
            ""title"": ""The Counting Bridge"",
            ""story"": ""Flora reaches a stone bridge guarded by a grumpy gnome who demands a math puzzle be solved before she can pass. She is stuck because the numbers are too confusing for a tiny fairy! Can you help her move forward by doing your math homework?""
        },
        {
            ""day"": 2,
            ""title"": ""The Colorless Path"",
            ""story"": ""The path ahead is hidden by a giant, blank canvas that needs a splash of creativity to turn into a magical bridge. Flora has no brushes or colors to make the magic happen! Will you help her see the way by drawing your art project?""
        },
        {
            ""day"": 3,
            ""title"": ""The Secret Gate Spell"",
            ""story"": ""To unlock the Enchanted Gate, Flora must recite the secret names of the seven days in the perfect order. She is so nervous that the words have slipped her mind! Can you help her open the gate by saying the days of the week?""
        },
        {
            ""day"": 4,
            ""title"": ""The Messy Valley"",
            ""story"": ""Flora finally finds the hidden valley, but the ground is covered in so much messy forest clutter that she cannot find the flower. It is impossible to walk through all these scattered leaves and twigs! Will you help clear her path by cleaning your room?""
        },
        {
            ""day"": 5,
            ""title"": ""The Hiding Thief"",
            ""story"": ""A mischievous spirit shaped like a cat has snatched Flora\u2019s map and vanished into a cozy hiding spot. Flora is searching everywhere but just cannot spot the furry thief! Can you help her find where the cat is?""
        },
        {
            ""day"": 6,
            ""title"": ""The Sleepy Seed"",
            ""story"": ""Flora finds the magical seed, but it will not sprout without a lesson in how to grow big and strong. She does not know how to keep a little sprout happy and healthy! Can you show her how it is done by growing and taking care of a plant?""
        },
        {
            ""day"": 7,
            ""title"": ""The Magic Word"",
            ""story"": ""The Glow-Flower is ready to bloom, but it only opens when someone speaks the ancient magic word: 'Luminescence.' It is such a big, tricky word for a little fairy to say all by herself! Will you help her wake the flower by trying to say this word?""
        }
    ],
    ""outro"": {
        ""title"": ""The Forest Glows Again"",
        ""story"": ""You did it! Because of your hard work and help, the Glow-Flower is finally blooming and the forest is bright again. Thank you for being such an amazing and helpful friend to Flora!""
    }
}",13.444159030914308,True,True,True,True,True,True,True,8,9.0,7.0,8.0,9.0,"The story's biggest blocker is its reliance on generic 'help the protagonist' prompts, and a call to action could be to revise these prompts to be more specific and engaging, while also adding more unique themes to elevate the creativity of the narrative."
08453d3c-fa78-411c-9eb0-6505e0189074,model_3,model_1,v2,0,"{
    ""intro"": {
        ""title"": ""A Message from the Woods"",
        ""story"": ""Meet Lily the fairy who lives in the magical Whispering Woods. She needs to find the Sparkle Blossom to save her forest from a deep sleep. The map she has is locked behind seven magic trials that require a human friend's help. She lands on your windowsill and asks if you are brave enough to help her today.""
    },
    ""days"": [
        {
            ""day"": 1,
            ""title"": ""The Numbered Gate"",
            ""story"": ""Lily finds a stone door engraved with mysterious numbers that will not open. To unlock the first gate, she needs the energy of someone solving numerical patterns. She senses that your brain power from studying can provide the spark she needs. Can you help her open the door by finishing your math homework right now?""
        },
        {
            ""day"": 2,
            ""title"": ""The Misty Trail"",
            ""story"": ""Beyond the gate, the forest floor has lost all its vibrant colors. Lily says the path only appears when someone creates a beautiful masterpiece of their own. Your creativity will act as a beacon to guide her through the grey mist. To bring the color back to the trail, will you draw an art project today?""
        },
        {
            ""day"": 3,
            ""title"": ""The Ancient Oak"",
            ""story"": ""A giant, talking oak tree stands in the way and demands a calendar spell. He has forgotten the order of time and refuses to let Lily pass. He needs to hear the names of the days in order to remember the forest's rhythm. Will you help Lily satisfy the tree by saying the days of the week out loud?""
        },
        {
            ""day"": 4,
            ""title"": ""The Thorny Thicket"",
            ""story"": ""The trail leads into a messy thicket of tangled vines and thorny branches. Lily explains that physical clutter in your world creates obstacles in the fairy realm. If you tidy up your surroundings, the thorns will magically pull back and clear the path. Can you help Lily walk safely by taking the time to clean your room today?""
        },
        {
            ""day"": 5,
            ""title"": ""The Missing Compass"",
            ""story"": ""A sneaky forest sprite has stolen Lily\u2019s magical compass and hidden it nearby. The sprite says the compass is hiding near a creature with whiskers and a tail. Lily needs you to locate a real-life animal friend to break the sprite's hiding spell. Please help Lily find the compass by looking for and showing her where the cat is?""
        },
        {
            ""day"": 6,
            ""title"": ""The Tiny Seed"",
            ""story"": ""Lily has finally reached the Secret Garden, but the Sparkle Blossom is still a tiny seed. The seed needs the dedication of a true gardener to sprout and grow strong. Your care for nature in your own home will give the flower the strength to bloom. Can you help the magical flower grow by learning to take care of a plant today?""
        },
        {
            ""day"": 7,
            ""title"": ""The Final Word"",
            ""story"": ""The Sparkle Blossom is ready to open, but it needs one final activation word. Lily found a scroll that says the word 'Luminescence' must be spoken with a pure heart. She is too shy to say such a big word and needs your strong voice to finish the quest. To unlock the magic of the flower, will you try saying the word 'Luminescence' for Lily?""
        }
    ],
    ""outro"": {
        ""title"": ""The Forest Awakes"",
        ""story"": ""As soon as you spoke the word, the Sparkle Blossom burst into a brilliant light. The magic spread across the Whispering Woods, waking up all the sleeping fairies and animals. Lily thanks you for your hard work and kindness throughout this long journey. You are now a true hero of the fairy realm and will always be welcome here.""
    }
}",13.005150556564333,True,True,True,True,True,True,True,9,10.0,8.0,9.0,9.0,"The story effectively follows the 7-day structure and uses a unique theme, but could benefit from more complex plot twists to achieve a perfect score. To further enhance the narrative, consider adding more unexpected challenges for the protagonist to overcome, while maintaining the simple and suitable language for a child."
552e61b7-aea9-4178-993d-fb61fd553c68,model_1,model_3,v1,0,"{
    ""intro"": {
        ""title"": ""Introduction"",
        ""story"": ""In a land of sparkles, a fairy named Lily needed to find a magical flower to heal her kingdom. She had to solve many problems along the way and needed a friend's help. Let's start her adventure!""
    },
    ""days"": [
        {
            ""day"": 1,
            ""title"": ""Day 1: Math Time"",
            ""story"": ""In a land of sparkles, a fairy named Lily needed to find a magical flower to heal her kingdom. She had to count the petals, but her math book was locked, and she couldn't do her homework without the key. Can you help Lily by doing your math homework?""
        },
        {
            ""day"": 2,
            ""title"": ""Day 2: Artistic Expression"",
            ""story"": ""Lily's friend, a talking flower, told her that the key was hidden in a picture, but it was unfinished. The picture needed colors, and that's where an art project came in - but the paints were missing. Can you draw an art project to help find the paints?""
        },
        {
            ""day"": 3,
            ""title"": ""Day 3: Weekly Wisdom"",
            ""story"": ""As Lily searched for the paints, she met a wise old owl who said the paints were hidden behind a door with the days of the week on it. The owl asked Lily to say the days, but she forgot one. Can you help Lily by saying the days of the week?""
        },
        {
            ""day"": 4,
            ""title"": ""Day 4: Cleaning Quest"",
            ""story"": ""Behind the door, Lily found a room filled with messy art supplies, and the paints were nowhere to be seen. A sign said the paints would appear when the room was clean. Can you help Lily by cleaning your room?""
        },
        {
            ""day"": 5,
            ""title"": ""Day 5: Whisker Wonder"",
            ""story"": ""After cleaning, Lily found a clue that said the paints were hidden with a furry friend, but the cat was nowhere to be found. Can you help Lily by finding where the cat is?""
        },
        {
            ""day"": 6,
            ""title"": ""Day 6: Green Thumb"",
            ""story"": ""The cat led Lily to a garden where a magical seed was planted, but it needed care to grow into a flower that would reveal the paints' location. Can you help Lily by growing and taking care of a plant?""
        },
        {
            ""day"": 7,
            ""title"": ""Day 7: Magical Word"",
            ""story"": ""The flower bloomed, revealing a word that would unlock the key, but it was a difficult word to say. Can you help Lily by trying to say the word 'photography'?""
        }
    ],
    ""outro"": {
        ""title"": ""Conclusion"",
        ""story"": ""Thanks to your help, Lily found the magical flower, and her kingdom was healed. You made a real difference, and Lily is forever grateful for your efforts. Congratulations on being an amazing helper!""
    }
}",2.7220876216888428,True,True,True,True,True,True,True,4,6.0,3.0,4.0,7.0,"The story's blockers feel like disjointed errands, particularly the jarring shift from a magical kingdom to mundane chores like math homework and room cleaning. The calls to action are often too demanding for a daily rhythm, such as growing a plant in one day or completing a full art project."
234a49d1-f4b1-47e9-a254-0b6bc2a986e5,model_1,model_3,v1,1,"{
    ""intro"": {
        ""title"": ""The Magical Flower Quest"",
        ""story"": ""In a land of sparkles and sunshine, a little fairy named Luna was on a mission to find the rare and magical Bloomstar flower, which only blooms once a year under the light of the full moon. Luna needed help from a friend, and that friend is you! She was getting ready to begin her journey, but first, she had to prepare her map and calculations to find the flower's location.""
    },
    ""days"": [
        {
            ""day"": 1,
            ""title"": ""Mapping the Way"",
            ""story"": ""Luna sat down to do her math homework to calculate the exact coordinates of the Bloomstar flower, but she got stuck on a difficult problem and couldn't figure it out. Can you help Luna solve her math problem so she can continue her journey?""
        },
        {
            ""day"": 2,
            ""title"": ""A Map to Treasure"",
            ""story"": ""Luna needed to draw an art project to create a map that would lead her to the Bloomstar flower, but her paints and colored pencils were all mixed up, and she couldn't decide which colors to use. Can you help Luna draw a beautiful and accurate map to guide her on her quest?""
        },
        {
            ""day"": 3,
            ""title"": ""The Path Unfolds"",
            ""story"": ""As Luna flew over the rolling hills and green forests, she needed to say the days of the week to keep track of time and make sure she reached the Bloomstar flower before it wilted, but she got confused and couldn't remember the correct order. Can you help Luna say the days of the week in the right order so she can stay on schedule?""
        },
        {
            ""day"": 4,
            ""title"": ""A Cluttered Cave"",
            ""story"": ""Luna landed in a cozy little cave to rest and refuel, but it was messy and cluttered, and she couldn't find the special crystal that would guide her to the Bloomstar flower. Can you help Luna clean her room, I mean, the cave, so she can find the crystal and continue her journey?""
        },
        {
            ""day"": 5,
            ""title"": ""A Furry Friend"",
            ""story"": ""As Luna ventured deeper into the forest, she met a mysterious cat who seemed to know the way to the Bloomstar flower, but the cat had disappeared, and Luna couldn't find it anywhere. Can you help Luna find where the cat is hiding so she can follow it and get closer to her goal?""
        },
        {
            ""day"": 6,
            ""title"": ""Nourishing the Journey"",
            ""story"": ""Luna came across a beautiful garden filled with vibrant plants and flowers, and she needed to grow and take care of a special plant that would give her the energy and strength to reach the Bloomstar flower, but she didn't know how to care for it. Can you help Luna grow and take care of the plant so she can stay healthy and focused on her quest?""
        },
        {
            ""day"": 7,
            ""title"": ""The Final Challenge"",
            ""story"": ""As Luna finally reached the location of the Bloomstar flower, she needed to say the magical word 'Bloomstaritis' to make the flower bloom, but she stumbled over the word and couldn't pronounce it correctly. Can you help Luna try saying the word 'Bloomstaritis' so she can unlock the flower's magic and complete her mission?""
        }
    ],
    ""outro"": {
        ""title"": ""The Magical Flower Blooms"",
        ""story"": ""Thanks to your help, Luna was able to overcome all the challenges and find the Bloomstar flower, which bloomed beautifully under the light of the full moon. You are the true hero of this story, and Luna is forever grateful for your friendship and support!""
    }
}",2.9710538387298584,True,True,True,True,True,True,True,6,9.0,4.0,7.0,8.0,"The blockers feel more like classroom chores than magical obstacles, particularly the jarring meta-slip of 'clean her room' in the middle of a cave exploration. However, the calls to action are consistently placed and provide clear, direct instructions for a child to interact with the narrative."
6b62e212-bee1-44c6-bd19-84775183c7a0,model_1,model_3,v1,2,"{
    ""intro"": {
        ""title"": ""Introduction"",
        ""story"": ""In a land of sparkling flowers, a fairy named Lily was on a mission to find the magical Golden Petal. She needed help from a special friend, and that friend was you. Are you ready to join Lily on her adventure?""
    },
    ""days"": [
        {
            ""day"": 1,
            ""title"": ""Day 1: The Journey Begins"",
            ""story"": ""In a land of sparkling flowers, a fairy named Lily set out to find the magical Golden Petal. But to get there, she needed help with a map, and that required doing some math homework. Can you help Lily by doing your math homework?""
        },
        {
            ""day"": 2,
            ""title"": ""Day 2: Drawing the Path"",
            ""story"": ""Lily's map was almost ready, but she needed a special picture to point the way. She tried to draw an art project, but her pencils were dull. Can you help Lily by drawing an art project to show her the path?""
        },
        {
            ""day"": 3,
            ""title"": ""Day 3: Remembering the Days"",
            ""story"": ""As Lily flew over the flowers, she got confused about which day it was. She needed to say the days of the week to remember her schedule. Can you help Lily by saying the days of the week?""
        },
        {
            ""day"": 4,
            ""title"": ""Day 4: Cleaning the Cave"",
            ""story"": ""Lily's cave was messy, and she couldn't find her magic wand. She tried to clean her room, but it was too hard. Can you help Lily by cleaning your room to show her how it's done?""
        },
        {
            ""day"": 5,
            ""title"": ""Day 5: Finding Whiskers"",
            ""story"": ""Lily's cat, Whiskers, was hiding, and she needed help finding her. She looked everywhere, but Whiskers was nowhere to be found. Can you help Lily by finding where the cat is in your house?""
        },
        {
            ""day"": 6,
            ""title"": ""Day 6: Planting a Seed"",
            ""story"": ""Lily's garden was empty, and she needed a special plant to grow. She tried to grow and take care of a plant, but it wasn't growing. Can you help Lily by growing and taking care of a plant to show her how it's done?""
        },
        {
            ""day"": 7,
            ""title"": ""Day 7: Saying the Magic Word"",
            ""story"": ""Lily finally reached the Golden Petal, but she needed to say a magic word to make it bloom. She tried to say the word, but it was too hard. Can you help Lily by trying to say this word: 'flibberdigibbet'?""
        }
    ],
    ""outro"": {
        ""title"": ""Conclusion"",
        ""story"": ""With your help, Lily found the Golden Petal, and it bloomed into a beautiful flower. You helped Lily succeed, and she's forever grateful. Thanks to you, the magical land is now filled with sparkling flowers, and Lily can't wait for her next adventure with you!""
    }
}",2.251138925552368,True,True,True,True,True,True,True,4,8.0,3.0,5.0,9.0,"The blockers are narratively weak, often forcing a leap in logic where real-world chores arbitrarily solve fantasy problems. While the calls to action are direct and child-friendly, they feel like a list of tasks rather than organic steps in a magical journey."
ce1816ba-d28d-4200-91e2-aad50229b151,model_1,model_3,v1,3,"{
    ""intro"": {
        ""title"": ""Introduction"",
        ""story"": ""In a land of sparkling fairy dust, a little fairy named Lily was on a mission to find a magical flower that would bring joy and color to her home. She had heard that the magical flower was hidden deep within a forest, and she needed help from a friend to overcome the challenges ahead.""
    },
    ""days"": [
        {
            ""day"": 1,
            ""title"": ""Day 1: Math Magic"",
            ""story"": ""In a land of sparkling fairy dust, a little fairy named Lily needed help finding a magical flower. She had to fly over a math problem mountain, but she was stuck because she couldn't solve her math homework. Can you help her do her math homework?""
        },
        {
            ""day"": 2,
            ""title"": ""Day 2: Artistic Map"",
            ""story"": ""Lily found a map that would lead her to the magical flower, but it was incomplete because she couldn't draw an art project to show the path. She was stuck in the forest of blank papers. Can you draw an art project to help her find the way?""
        },
        {
            ""day"": 3,
            ""title"": ""Day 3: Weekly Wisdom"",
            ""story"": ""Lily met a wise old owl who told her that to reach the magical flower, she had to know the days of the week in the right order. But Lily forgot the sequence and couldn't proceed. Can you help her say the days of the week?""
        },
        {
            ""day"": 4,
            ""title"": ""Day 4: Cleaning Quest"",
            ""story"": ""Lily's fairy house was messy, and she couldn't find the key to the magical garden because her room was cluttered. She needed help cleaning her room to find the hidden key. Can you help her clean her room?""
        },
        {
            ""day"": 5,
            ""title"": ""Day 5: Whisker Detective"",
            ""story"": ""Lily's cat, Whiskers, had the second clue to the magical flower, but Whiskers was hiding. Lily needed help finding where the cat was. Can you help her find Whiskers?""
        },
        {
            ""day"": 6,
            ""title"": ""Day 6: Plant Care"",
            ""story"": ""Lily planted a seed that would bloom into a flower that could guide her to the magical flower, but she needed help growing and taking care of the plant. The plant was wilted and needed care. Can you help her grow and take care of the plant?""
        },
        {
            ""day"": 7,
            ""title"": ""Day 7: Word Wizard"",
            ""story"": ""Lily found a mysterious word that would unlock the gate to the magical flower, but she couldn't pronounce it. She needed help trying to say the word 'photography'. Can you help her try saying this word?""
        }
    ],
    ""outro"": {
        ""title"": ""Conclusion"",
        ""story"": ""With your help, Lily successfully found the magical flower, and her home was filled with joy and color. You were an amazing helper, and Lily thanks you for your efforts. Together, you made magic happen!""
    }
}",2.288248300552368,True,True,True,True,True,True,True,5,9.0,4.0,5.0,9.0,"The story successfully utilizes clear blockers and direct calls to action for every day of the journey. However, the narrative lacks logical flow, as the quest is interrupted by domestic chores like cleaning her room and doing homework, which breaks the fantasy immersion."
6e41d919-940b-4bbc-b3f1-8ee3ef8eb3fe,model_1,model_3,v2,0,"{
    ""intro"": {
        ""title"": ""The Magical Journey Begins"",
        ""story"": ""In a land far, far away, a fairy named Lily was on a mission to find the magical flower that bloomed only once a year. The flower had the power to heal any ailment, and Lily's best friend, a rabbit named Rosie, was in dire need of its magic. Lily had heard that the flower was hidden deep within a forest, and she needed help to find it. She knew that she couldn't do it alone and was counting on the help of a special friend, who was very clever and could assist her in times of need.""
    },
    ""days"": [
        {
            ""day"": 1,
            ""title"": ""The Map to the Forest"",
            ""story"": ""Lily had a map that would lead her to the forest, but it was filled with math problems that needed to be solved in order to unlock the path. The problems were tricky, and Lily wasn't very good at math, so she needed her friend's help to solve them. If her friend could do their math homework, they could use the same skills to help Lily unlock the map. Can you help Lily by doing your math homework and solving the problems on the map?""
        },
        {
            ""day"": 2,
            ""title"": ""The Art of Navigation"",
            ""story"": ""Once the map was unlocked, Lily and her friend needed to navigate through the forest, but the path was unclear. Lily remembered that she had seen a picture of the forest in an art book, and if her friend could draw a similar picture, it might help them find their way. The picture needed to include all the landmarks and features of the forest, and Lily was counting on her friend's artistic skills to create it. Can you draw an art project of the forest and help Lily and her friend navigate?""
        },
        {
            ""day"": 3,
            ""title"": ""The Days of the Week"",
            ""story"": ""As they journeyed deeper into the forest, Lily and her friend came across a magical calendar that showed the days of the week. However, the calendar was mixed up, and the days were in the wrong order. Lily knew that if her friend could say the days of the week in the correct order, the calendar would fix itself, and they could continue their journey. Can you say the days of the week and help Lily and her friend fix the calendar?""
        },
        {
            ""day"": 4,
            ""title"": ""The Cleanliness Test"",
            ""story"": ""The path ahead was blocked by a messy clearing, and a sign stated that only those who kept their rooms clean could pass. Lily knew that her friend's room was a mess, and if they couldn't clean it, they would never reach the magical flower. She asked her friend to clean their room, and if they could do it, the clearing would magically clean itself, allowing them to continue their journey. Can you clean your room and help Lily and her friend pass the test?""
        },
        {
            ""day"": 5,
            ""title"": ""The Missing Cat"",
            ""story"": ""As they approached the heart of the forest, Lily's friend realized that their cat, Whiskers, was missing. The cat had been following them on their journey, but now it was nowhere to be found. Lily knew that if her friend could find Whiskers, the cat would lead them to a hidden path that would bring them closer to the magical flower. Can you find where the cat is and help Lily and her friend reunite with Whiskers?""
        },
        {
            ""day"": 6,
            ""title"": ""The Plant of Life"",
            ""story"": ""Lily and her friend came across a plant that was struggling to survive, and they knew that if they could nurture it back to health, it would reward them with a vital clue to the flower's location. The plant needed care and attention, and Lily asked her friend to grow and take care of it, just like they would with any other living thing. If the plant thrived, it would bloom and reveal a hidden message that would lead them to the magical flower. Can you grow and take care of the plant and help Lily and her friend unlock the clue?""
        },
        {
            ""day"": 7,
            ""title"": ""The Magical Word"",
            ""story"": ""After many days of journeying, Lily and her friend finally reached the location of the magical flower, but it was locked behind a gate with a sign that read, 'Only those who can say the magical word can pass.' The word was 'photogenesis,' and Lily knew that if her friend could try saying it, the gate would open, and they could finally reach the flower. She encouraged her friend to take a deep breath and say the word, and if they could do it correctly, the gate would swing open. Can you try saying the word 'photogenesis' and help Lily and her friend reach the magical flower?""
        }
    ],
    ""outro"": {
        ""title"": ""The Magical Flower Blooms"",
        ""story"": ""With the gate open, Lily and her friend finally reached the magical flower, and it was more beautiful than they had ever imagined. The flower bloomed in front of them, and its magic filled the air, healing Rosie and bringing joy to all the creatures in the forest. Lily thanked her friend for their help and told them that they couldn't have done it without their cleverness and bravery. In the end, Lily and her friend returned home, filled with happiness and the knowledge that they had accomplished something truly special together, and they lived happily ever after.""
    }
}",4.259216070175171,True,True,True,True,True,True,True,5,9.0,3.0,5.0,7.0,"The blockers feel like a forced checklist of chores rather than organic plot obstacles, particularly the illogical demand to grow a plant in a single day. The calls to action are clear but overly instructional, which may break the child's immersion in the magical world."
38711354-7a01-46ae-8d6d-cb0fb7283ab1,model_1,model_3,v2,1,"{
    ""intro"": {
        ""title"": ""The Quest for the Golden Bloom"",
        ""story"": ""In a land of sparkling fairy dust, a little fairy named Luna set out on a quest to find the rare and magical Golden Bloom flower. She had heard that this flower had the power to heal any wounded creature in the forest. With a determined heart and a sprinkle of fairy dust, Luna began her journey, ready to face any challenges that came her way. She knew that she would need the help of a brave and clever adventurer, like you, to succeed in her quest.""
    },
    ""days"": [
        {
            ""day"": 1,
            ""title"": ""The Magical Journey Begins"",
            ""story"": ""In a land of sparkling fairy dust, a little fairy named Luna set out on a quest to find the rare and magical Golden Bloom flower. She had heard that this flower had the power to heal any wounded creature in the forest. To start her journey, Luna needed to fly over the Mathematic Mountains, where numbers and patterns filled the air. Can you help Luna by doing your math homework to unlock the secrets of the Mathematic Mountains?""
        },
        {
            ""day"": 2,
            ""title"": ""Crossing the River of Colors"",
            ""story"": ""As Luna flew over the Mathematic Mountains, she came across a beautiful river that flowed with colors and vibrant hues. To cross the river, Luna needed to create a bridge made of art and imagination. She asked for your help in drawing an art project that would bring the colors of the river to life. Can you draw a picture that will help Luna build her bridge?""
        },
        {
            ""day"": 3,
            ""title"": ""The Days of the Week Forest"",
            ""story"": ""After crossing the river, Luna entered a forest where the trees were labeled with the days of the week. To find her way through the forest, Luna needed to remember the correct order of the days. She asked for your help in saying the days of the week in the correct order. Can you help Luna by saying the days of the week?""
        },
        {
            ""day"": 4,
            ""title"": ""The Cleaning Caverns"",
            ""story"": ""As Luna journeyed deeper into the forest, she came across a cavern filled with sparkling crystals and glittering gems. However, the cavern was also filled with dirt and dust, and Luna needed help cleaning it up. She asked for your help in cleaning your room, which would give her the energy to clean the cavern. Can you clean your room to help Luna clean the cavern?""
        },
        {
            ""day"": 5,
            ""title"": ""Finding Whiskers the Cat"",
            ""story"": ""After cleaning the cavern, Luna met a friendly cat named Whiskers who had gotten lost in the forest. Whiskers had been separated from her family and needed help finding her way back home. Luna asked for your help in finding Whiskers, who was hiding somewhere in the forest. Can you find where the cat is hiding?""
        },
        {
            ""day"": 6,
            ""title"": ""The Garden of Growth"",
            ""story"": ""As Luna and Whiskers continued their journey, they came across a beautiful garden filled with plants and flowers. To help the garden grow, Luna needed to learn how to take care of a plant. She asked for your help in growing and taking care of a plant, which would give her the knowledge to tend to the garden. Can you grow and take care of a plant to help Luna?""
        },
        {
            ""day"": 7,
            ""title"": ""The Word of Wonder"",
            ""story"": ""Finally, after many days of journeying, Luna came across a mysterious word that held the key to finding the Golden Bloom flower. The word was 'phoenix,' and Luna needed help pronouncing it correctly. She asked for your help in trying to say the word 'phoenix,' which would unlock the door to the flower's hiding place. Can you try saying the word 'phoenix' to help Luna?""
        }
    ],
    ""outro"": {
        ""title"": ""The Golden Bloom is Found"",
        ""story"": ""With your help, Luna was finally able to find the Golden Bloom flower, and its petals shone brightly in the sunlight. The flower's magic was released, and it healed all the wounded creatures in the forest. Luna thanked you for your help and asked you to return with her to the forest, where a grand celebration was held in your honor. You had helped Luna achieve her goal, and together, you had made the forest a happier and healthier place.""
    }
}",3.0006682872772217,True,True,True,True,True,True,True,7,6.0,4.0,5.0,9.0,"The blockers are poorly integrated, frequently relying on mundane chores like homework and room cleaning that disrupt the magical immersion. The call to action on Day 6 is particularly problematic, as growing a plant is a long-term process that contradicts the daily progression of a seven-day quest."
5b162aab-85e9-454c-ba00-9e3644ddd7b2,model_1,model_3,v2,2,"{
    ""intro"": {
        ""title"": ""The Quest for the Magical Flower"",
        ""story"": ""In a land far, far away, a fairy named Lily was on a quest to find a magical flower that would bring happiness to her village. The fairy had been searching for days, but to no avail. The fairy needed the help of a clever child to solve a series of challenges that would reveal the location of the flower. The child's help would be crucial in overcoming the obstacles and achieving their goal.""
    },
    ""days"": [
        {
            ""day"": 1,
            ""title"": ""The Magical Journey Begins"",
            ""story"": ""In a land far, far away, a fairy named Lily was on a quest to find a magical flower that would bring happiness to her village. She had been searching for days, but to no avail. The fairy needed the help of a clever child to solve a math problem that would reveal the location of the flower. Can you help Lily by doing your math homework and figuring out the next step in her journey?""
        },
        {
            ""day"": 2,
            ""title"": ""Through the Enchanted Forest"",
            ""story"": ""Lily and the child ventured into the enchanted forest, where they encountered a beautiful art studio filled with paintings of magical creatures. The fairy explained that the next clue to finding the flower was hidden within a painting, but it needed to be recreated by the child. The child's art project would help Lily decipher the clue and continue their journey. Can you draw an art project that will help Lily unlock the next stage of her quest?""
        },
        {
            ""day"": 3,
            ""title"": ""The Mysterious Path"",
            ""story"": ""As they journeyed deeper into the forest, they came across a winding path with seven stones, each representing a day of the week. The fairy told the child that they needed to arrange the stones in the correct order to unlock the path ahead. The child's knowledge of the days of the week would be crucial in solving this puzzle. Can you say the days of the week in the correct order to help Lily and the child progress?""
        },
        {
            ""day"": 4,
            ""title"": ""The Hidden Clearing"",
            ""story"": ""After solving the puzzle, they stumbled upon a hidden clearing filled with beautiful flowers, but the magical flower was nowhere to be found. The fairy explained that the clearing was once a mess, but a clean and organized space would attract the magical flower. The child's help was needed to clean the clearing and make it a welcoming space. Can you help Lily by cleaning your room and showing her how to keep a space tidy?""
        },
        {
            ""day"": 5,
            ""title"": ""The Mischievous Cat"",
            ""story"": ""As they were cleaning the clearing, a mischievous cat appeared and stole the map that led to the magical flower. The fairy and the child needed to find the cat and retrieve the map. The child's sharp eyes and quick thinking would be essential in locating the cat. Can you find where the cat is hiding and help Lily retrieve the map?""
        },
        {
            ""day"": 6,
            ""title"": ""The Magical Garden"",
            ""story"": ""With the map in hand, they arrived at a beautiful magical garden filled with plants and flowers. The fairy explained that the magical flower needed a special plant to bloom, and the child's help was needed to grow and take care of it. The child's green thumb would be crucial in nurturing the plant and helping the magical flower bloom. Can you help Lily by growing and taking care of a plant, and watching it flourish?""
        },
        {
            ""day"": 7,
            ""title"": ""The Final Challenge"",
            ""story"": ""After taking care of the plant, the magical flower finally bloomed, but it was hidden behind a secret door with a mysterious word etched onto it. The fairy told the child that they needed to say the word correctly to unlock the door and claim the magical flower. The child's pronunciation and confidence would be essential in overcoming the final challenge. Can you try saying the word 'florigeum' to help Lily unlock the door and achieve their goal?""
        }
    ],
    ""outro"": {
        ""title"": ""The Magical Flower Blooms"",
        ""story"": ""With the child's help, Lily was finally able to unlock the door and claim the magical flower. The flower bloomed, and its beauty and magic filled the air, bringing happiness to the village. The child's cleverness and determination had helped Lily achieve their goal, and they were hailed as a hero. The fairy and the child returned to the village, where they were greeted with cheers and celebration, and the magical flower was planted in the center of the village, spreading its joy and magic to all.""
    }
}",3.135249376296997,True,True,True,True,True,True,True,7,7.0,4.0,6.0,8.0,"The story effectively integrates real-world chores as blockers, but the introduction and Day 1 are nearly identical, showing a lack of narrative development. The Day 5 call to action is unclearly defined as a physical task, breaking the consistency established by the homework and cleaning requirements."
872738f2-a4af-4f55-9714-2304cb7e1d52,model_1,model_3,v2,3,"{
    ""intro"": {
        ""title"": ""The Magical Flower"",
        ""story"": ""In a land of sparkling fairy dust, a little fairy named Luna set out on a quest to find the magical flower that would bring prosperity to her kingdom. The magical flower had the power to heal any wound and bring peace to the kingdom. Luna was determined to find the flower, but she needed help along the way. She asked for assistance from her friends, and together, they would overcome any obstacle to find the magical flower.""
    },
    ""days"": [
        {
            ""day"": 1,
            ""title"": ""The Journey Begins"",
            ""story"": ""In a land of sparkling fairy dust, a little fairy named Luna set out on a quest to find the magical flower that would bring prosperity to her kingdom. She had heard that the flower was hidden deep within a forest, and she needed help to find it. To start her journey, she needed to know how many miles she had to travel, but she couldn't do her math homework without help. Can you help Luna do her math homework to figure out how many miles she needs to travel?""
        },
        {
            ""day"": 2,
            ""title"": ""The Map to the Flower"",
            ""story"": ""Luna was grateful for the help with her math homework and now she had a map that would lead her to the magical flower. The map was a puzzle that needed to be solved by creating a beautiful art project that would reveal the path. Luna couldn't draw the art project without help, so she asked for assistance. Can you draw an art project that will help Luna solve the puzzle and find the path to the magical flower?""
        },
        {
            ""day"": 3,
            ""title"": ""The Days of the Week"",
            ""story"": ""As Luna continued on her journey, she stumbled upon a wise old owl who told her that the magical flower could only be found by knowing the days of the week in the correct order. The owl gave Luna a riddle that required her to say the days of the week to unlock a secret door. Luna was having trouble remembering the days of the week and needed help. Can you say the days of the week to help Luna unlock the secret door?""
        },
        {
            ""day"": 4,
            ""title"": ""The Cluttered Path"",
            ""story"": ""Luna finally unlocked the secret door, but she found that the path was cluttered with leaves and twigs. She needed to clean the path to continue her journey, but she couldn't do it without help. Luna asked for assistance in cleaning her room, which was similar to cleaning the path. Can you help Luna clean her room, which will also help her clean the path to the magical flower?""
        },
        {
            ""day"": 5,
            ""title"": ""The Missing Cat"",
            ""story"": ""As Luna was cleaning the path, she heard a faint meowing sound coming from a nearby bush. She realized that her cat, Whiskers, was missing and had wandered into the forest. Luna needed help finding Whiskers, and she asked for assistance. Can you help Luna find Whiskers, who might be hiding somewhere in the forest?""
        },
        {
            ""day"": 6,
            ""title"": ""The Magical Plant"",
            ""story"": ""Luna finally found Whiskers, and as a reward, she stumbled upon a magical plant that had the power to heal any wound. However, the plant needed to be taken care of, and Luna couldn't do it without help. She asked for assistance in growing and taking care of the plant. Can you help Luna grow and take care of the magical plant, which will also help her on her journey to find the magical flower?""
        },
        {
            ""day"": 7,
            ""title"": ""The Final Word"",
            ""story"": ""As Luna took care of the magical plant, she finally reached the location of the magical flower. However, to pick the flower, she needed to say a magical word that would unlock its powers. The word was difficult to pronounce, and Luna needed help. Can you help Luna try saying the word 'photosynthesis' to unlock the powers of the magical flower?""
        }
    ],
    ""outro"": {
        ""title"": ""The Magical Flower Found"",
        ""story"": ""With the help of her friends, Luna was finally able to find the magical flower and bring it back to her kingdom. The kingdom was filled with joy and prosperity, and Luna was hailed as a hero. The friends who helped Luna on her journey were also rewarded with a special gift, and they all lived happily ever after. Luna was grateful for the help she received and knew that she couldn't have done it without the assistance of her friends, including you, who helped her on her journey to find the magical flower.""
    }
}",2.9255406856536865,True,True,True,True,True,True,True,5,8.0,4.0,6.0,7.0,"The story's blockers feel like arbitrary chores, such as math homework and room cleaning, which disrupt the fantasy immersion. While the calls to action are clear, the sudden jump to complex vocabulary like 'photosynthesis' is jarring compared to the earlier simple tasks."
f660307d-073c-43fc-bbb1-0032ff1ba001,model_3,model_1,v1,0,"{
    ""intro"": {
        ""title"": ""The Fairy's Quest"",
        ""story"": ""Flora the Forest Fairy is on a mission to find the Glimmering Rose to heal the Great Oak tree. The path is full of magical locks that only a human's hard work can open. Are you ready to help her solve these problems?""
    },
    ""days"": [
        {
            ""day"": 1,
            ""title"": ""The Counting Gate"",
            ""story"": ""Flora reaches the Counting Gate, but it requires solving complex number puzzles to swing open. She is confused because fairies only count in sparkles, not numbers. Will you do your math homework to help her unlock the gate?""
        },
        {
            ""day"": 2,
            ""title"": ""The Invisible Bridge"",
            ""story"": ""Next, Flora finds a colorless bridge that won't hold her weight until its beauty is restored. She needs a vibrant picture to power the bridge's magic and make it solid. Can you draw an art project to bring the colors back?""
        },
        {
            ""day"": 3,
            ""title"": ""The Troll's Riddle"",
            ""story"": ""A grumpy stone troll guards the path and will only let Flora pass if she recites the secret code of time. She is very mixed up about which order the days go in. Will you say the days of the week to show him the way?""
        },
        {
            ""day"": 4,
            ""title"": ""The Messy Path"",
            ""story"": ""The trail ahead is buried under a messy pile of branches and scattered leaves from a big storm. Flora is too small to move the heavy clutter and find her lost map underneath. Can you clean your room to help her clear the path?""
        },
        {
            ""day"": 5,
            ""title"": ""The Lost Guide"",
            ""story"": ""Flora\u2019s guide, a tiny forest kitten, has vanished into the misty tall grass. Without her friend's whiskers to lead the way, Flora is lost and can't see the trail. Can you find where the cat is to bring her guide back?""
        },
        {
            ""day"": 6,
            ""title"": ""The Sleeping Flower"",
            ""story"": ""Flora finally finds the Glimmering Rose, but it is wilting and needs a special touch to bloom. She needs to see how someone else nurtures life before her fairy magic will work. Will you grow and take care of a plant to share your magic?""
        },
        {
            ""day"": 7,
            ""title"": ""The Final Spell"",
            ""story"": ""The rose is ready to open, but it needs a human voice to say the magic word: 'Luminescence.' Flora\u2019s tiny fairy voice is too soft to activate the spell. Can you try saying this big word to help her?""
        }
    ],
    ""outro"": {
        ""title"": ""A Magical Success"",
        ""story"": ""Because of your amazing help, the Glimmering Rose bloomed and the Great Oak is healed! Flora is so proud of your hard work and your powerful magic. You are a true hero of the forest!""
    }
}",8.161298990249634,True,True,True,True,True,True,True,8,9.0,7.0,8.0,9.0,"The story's coherence and progression are strong, but the creativity could be improved by adding more unique challenges. The language is simple and suitable for children, but some sentences could be shorter for easier understanding."
68c5e38f-e49e-49fb-80f7-c7b0a5d475b4,model_3,model_1,v1,1,"{
    ""intro"": {
        ""title"": ""Flora's Grand Quest"",
        ""story"": ""Flora the Fairy is on a brave quest to find the legendary Glimmer Bloom to bring color back to her home. The flower is hidden deep in the Enchanted Forest, but the path is full of puzzles only a human friend can solve. Are you ready to help Flora on her big adventure?""
    },
    ""days"": [
        {
            ""day"": 1,
            ""title"": ""The Scrambled Bridge"",
            ""story"": ""Flora the Fairy reaches the Counting Bridge, but the magical stones are scrambled and won't let her cross. She needs the power of logic to put them back in order. Can you help her cross the bridge by doing your math homework?""
        },
        {
            ""day"": 2,
            ""title"": ""The Fading Path"",
            ""story"": ""The path ahead has faded into a gray mist, and Flora cannot see where to fly next. She needs a burst of color and creativity to paint the way forward. Will you help her see the path by drawing an art project?""
        },
        {
            ""day"": 3,
            ""title"": ""The Rhythm of Time"",
            ""story"": ""Flora arrives at the ancient Time Gate, which only opens when the rhythm of a week is spoken aloud. She has forgotten the names of the human days and is stuck outside. Can you unlock the gate for her by saying the days of the week?""
        },
        {
            ""day"": 4,
            ""title"": ""The Tangled Woods"",
            ""story"": ""The entrance to the Whispering Woods is blocked by a mountain of messy, tangled vines that look just like a cluttered floor. Flora isn't strong enough to move the mess alone. Could you help her clear the way by cleaning your room?""
        },
        {
            ""day"": 5,
            ""title"": ""The Hidden Guardian"",
            ""story"": ""Flora needs to ask the Great Forest Lion for directions, but he is hiding and playing a game of seek. She has looked everywhere but simply cannot spot him. Can you help her by finding where the cat is?""
        },
        {
            ""day"": 6,
            ""title"": ""The Sleeping Seed"",
            ""story"": ""Flora has finally found the seed of the Glimmer Bloom, but it is dry and needs to see a real example of love to sprout. She doesn't know how to make things grow in the sun. Will you show her how by growing and taking care of a plant?""
        },
        {
            ""day"": 7,
            ""title"": ""The Secret Word"",
            ""story"": ""The flower is ready to open, but it requires one final magic word to release its sparkling petals. Flora\u2019s voice is a tiny whisper, and she needs your strong voice to activate the charm. Can you try saying this word: 'Floramagica'?""
        }
    ],
    ""outro"": {
        ""title"": ""A Colorful Victory"",
        ""story"": ""Thanks to your amazing help with every task, the Glimmer Bloom has finally opened and filled the forest with sparkling light! Flora is so proud of your hard work and sends a sprinkle of fairy dust to thank you. You are a true hero of the Enchanted Forest!""
    }
}",7.963367223739624,True,True,True,True,True,True,True,8,9.0,7.0,8.0,9.0,"The story effectively follows the 7-day structure and provides a clear goal, but the puzzles could be more unique and challenging. To improve, consider adding more complex puzzles and varying the types of challenges to keep the reader engaged."
921f4265-3275-49ed-b168-b2a31c942fc9,model_3,model_1,v1,2,"{
    ""intro"": {
        ""title"": ""The Quest for the Whispering Lily"",
        ""story"": ""Elara the Sparkle-Wing fairy must find the legendary Whispering Lily to bring light back to the fading Enchanted Meadow. She sets off on a grand journey, but a series of magical obstacles stands in her way. Help her solve these problems so she can complete her mission!""
    },
    ""days"": [
        {
            ""day"": 1,
            ""title"": ""The Gate of Numbers"",
            ""story"": ""Elara reaches the Great Stone Gate, but it is locked by a complex magic equation that calculates the stars. She is confused by the spinning numbers and cannot find the answer to open the path. Can you do your math homework to show her how to solve the puzzle?""
        },
        {
            ""day"": 2,
            ""title"": ""The Missing Colors"",
            ""story"": ""The path ahead has turned completely gray, hiding the trail to the magical flower from Elara's sight. She needs a colorful vision to help her imagine the way forward, but she has no ink for her wand. Will you draw an art project to bring the bright colors back to her world?""
        },
        {
            ""day"": 3,
            ""title"": ""The Rhythm of Time"",
            ""story"": ""Elara arrives at the Stone of Time, which only moves when the secret rhythm of the week is spoken. She has traveled so long that she has forgotten the names of the days and is stuck in place. Can you say the days of the week out loud to help her move the stone?""
        },
        {
            ""day"": 4,
            ""title"": ""The Messy Thicket"",
            ""story"": ""The Whispering Woods are filled with messy, tangled vines and fallen branches that block Elara's flight. She needs to learn the magic of tidying up so she can clear a path through the clutter. Will you clean your room to show her how to make everything neat and organized?""
        },
        {
            ""day"": 5,
            ""title"": ""The Hidden Guide"",
            ""story"": ""Barnaby the magic kitten knows the shortcut to the flower, but he has vanished into the shadows of the tall grass. Elara is searching everywhere, but she cannot find her furry guide alone. Can you find where the cat is in your home to help her spot her missing friend?""
        },
        {
            ""day"": 6,
            ""title"": ""The Sleeping Seed"",
            ""story"": ""Elara finally finds the seedling of the Whispering Lily, but it is dry and won't sprout without special care. She has never raised a flower before and doesn't know how to make it grow strong. Can you grow and take care of a plant to show her how to be a good gardener?""
        },
        {
            ""day"": 7,
            ""title"": ""The Magic Word"",
            ""story"": ""The Whispering Lily is ready to bloom, but it will only open its petals if the ancient word 'Lumiflora' is spoken clearly. Elara\u2019s voice is a tiny whisper, and she needs a brave voice to join her. Can you try saying this word out loud to wake the flower?""
        }
    ],
    ""outro"": {
        ""title"": ""The Meadow Restored"",
        ""story"": ""Because you worked so hard every day, the Whispering Lily has finally bloomed and filled the meadow with magical light! Elara is so proud of your help and couldn't have saved the forest without you. Thank you for being a wonderful hero and a great friend!""
    }
}",11.056561470031738,True,True,True,True,True,True,True,8,9.0,7.0,8.0,9.0,"The story effectively follows the 7-day structure, but could benefit from more unique obstacles, and the 'call to action' rules are clear and engaging, encouraging children to participate in the narrative."
d30150fb-13fd-4ef7-b2fe-45f25483b1ad,model_3,model_1,v1,3,"{
    ""intro"": {
        ""title"": ""Flora's Bright Mission"",
        ""story"": ""Flora the fairy must find the Glow-Petal Bloom to save the dimming Whispering Woods. The path is full of magical locks that only a human friend can help her open.""
    },
    ""days"": [
        {
            ""day"": 1,
            ""title"": ""The Jumbled Bridge"",
            ""story"": ""Flora the fairy stands before the Stone Bridge, but the steps are jumbled like a difficult puzzle. She cannot cross until the numbers are put in the right order. Can you help her cross the bridge by doing your math homework?""
        },
        {
            ""day"": 2,
            ""title"": ""The Colorless Woods"",
            ""story"": ""The forest has turned gray, and Flora can't see the trail through the colorless trees. She needs a vibrant picture to guide her through the dark mist. Will you help her see the way by drawing an art project?""
        },
        {
            ""day"": 3,
            ""title"": ""The Stuck Clock"",
            ""story"": ""Flora has reached the Ancient Clock, but its gears are stuck because the song of time has stopped. She needs to hear the order of the days to make the hands move again. Can you help her restart the clock by saying the days of the week?""
        },
        {
            ""day"": 4,
            ""title"": ""The Messy Gate"",
            ""story"": ""A big pile of clutter is blocking the entrance to the magical valley. Flora is far too small to move all these messy branches and leaves alone. Can you help her clear the path by cleaning your room?""
        },
        {
            ""day"": 5,
            ""title"": ""The Missing Guide"",
            ""story"": ""Flora\u2019s guide, a little cat with silver fur, has hidden herself among the tall shadows. Flora is lost without her furry friend and doesn't know which way to fly. Can you help her search and find where the cat is?""
        },
        {
            ""day"": 6,
            ""title"": ""The Thirsty Sprout"",
            ""story"": ""Flora found the magic sprout, but it looks very tired and thirsty in the dry dirt. It needs someone to show it how to grow strong and healthy before it can bloom. Can you help the magic grow by taking care of a plant?""
        },
        {
            ""day"": 7,
            ""title"": ""The Secret Word"",
            ""story"": ""The Glow-Petal Bloom is right in front of Flora, but its petals are locked tightly shut. It will only open if someone speaks the grand magic word: \""Luminescence.\"" Can you help her finish the journey by trying to say this word?""
        }
    ],
    ""outro"": {
        ""title"": ""A Hero's Success"",
        ""story"": ""Because you helped every step of the way, the Glow-Petal Bloom finally opened its shining heart. Flora is so proud of you for being her brave and helpful partner! Your hard work saved the magic of the woods forever.""
    }
}",10.577761173248293,True,True,True,True,True,True,True,8,9.0,7.0,8.0,9.0,"While the story has a clear and logical structure, following the 7-day journey and character rules, the theme of a fairy needing help from a human friend is somewhat generic. The story could be improved by adding more unique elements to the plot and character development."
48283498-9358-472a-b771-e49895c926d9,model_3,model_1,v2,0,"{
    ""intro"": {
        ""title"": ""The Fading Forest"",
        ""story"": ""Meet Flicker, a small fairy with wings like shimmering gossamer. She lives in the Enchanted Grove, but the Great Sunpetal has gone missing. Flicker needs to find this magical flower before the forest loses its glow forever. She knows she cannot do it alone and needs a brave human friend to help.""
    },
    ""days"": [
        {
            ""day"": 1,
            ""title"": ""The Number Gate"",
            ""story"": ""Flicker finds a locked gate made of tangled ivy blocking her path. To open the gate, she must solve the ancient number riddles of the Stone Golem. She is a fairy and does not understand human numbers, so she is very confused. Can you help Flicker learn about numbers by finishing all of your math homework?""
        },
        {
            ""day"": 2,
            ""title"": ""The Colorless Meadow"",
            ""story"": ""The gate opens into a gray, colorless meadow that feels very sad. Flicker needs to paint the meadow with bright colors to reveal the next hidden trail. She has no brushes or paint, so she needs your creative imagination to bring color back. Will you help her restore the beauty of the woods by drawing a colorful art project?""
        },
        {
            ""day"": 3,
            ""title"": ""The Wise Owl's Secret"",
            ""story"": ""A wise old owl sits on a branch and says the flower only blooms on a specific day. Flicker has forgotten the names of the days and does not know how long to wait. The owl will only give her the secret map if she can prove she understands time. Can you show Flicker how time works by saying the names of the days of the week?""
        },
        {
            ""day"": 4,
            ""title"": ""Clearing the Valley"",
            ""story"": ""Flicker reaches the Valley of Echoes, but it is filled with messy, magical clutter. She cannot find the path to the Silver Stream because there is junk everywhere. The clutter represents the chaos in the world, and only tidying up will clear the way. Please help Flicker find the hidden path by cleaning your room and putting things away.""
        },
        {
            ""day"": 5,
            ""title"": ""The Shadow's Clue"",
            ""story"": ""A magical spirit in the shape of a shadow tells Flicker the flower is near a soft creature. Flicker needs to practice spotting hidden animals so she can find the guardian of the Sunpetal. She thinks a local house cat might be hiding a clue under its fur or near its paws. Can you help Flicker practice her tracking skills by finding exactly where the cat is?""
        },
        {
            ""day"": 6,
            ""title"": ""The Sleeping Seed"",
            ""story"": ""Flicker finally finds the spot where the Great Sunpetal was supposed to grow. The soil is dry and the seeds are sleeping deep underground, needing love to wake up. She needs to see how a real gardener cares for life before she can cast her fairy spell. To help the Sunpetal grow, will you start growing and taking care of a plant at home?""
        },
        {
            ""day"": 7,
            ""title"": ""The Magic Word"",
            ""story"": ""The Sunpetal begins to sprout, but it needs one final magic word to bloom fully. Flicker is out of breath and her tiny voice is too quiet to reach the petals. The word is 'Luminescence', and it must be spoken clearly and bravely to work. Can you help the flower finally open by trying to say the magic word 'Luminescence'?""
        }
    ],
    ""outro"": {
        ""title"": ""The Forest Returns to Life"",
        ""story"": ""As you spoke the magic word, the Great Sunpetal burst into a brilliant gold light. The forest is now full of color and magic again thanks to your hard work and kindness. Flicker flies around the glowing petals, sending a shower of sparkles down to say thank you. You have saved the Enchanted Grove and proved that you are a true hero of the fairies.""
    }
}",25.814820289611816,True,True,True,True,True,True,True,8,9.0,7.0,8.0,9.0,"The story has a clear and logical structure, but the theme of a magical flower saving a forest is somewhat generic. To improve, consider adding more unique twists to the plot and character development, while maintaining the simple and suitable language for children."
32ffeed0-649f-46db-9312-b65b54edc57d,model_3,model_1,v2,1,"{
    ""intro"": {
        ""title"": ""The Whispering Petal"",
        ""story"": ""Flora the fairy lives in a hollow oak tree. She needs to find the legendary Glow-Bloom to save the forest. The journey is long and filled with tricky puzzles. Can you help her solve them to reach the flower?""
    },
    ""days"": [
        {
            ""day"": 1,
            ""title"": ""The Counting Bridge"",
            ""story"": ""Flora arrives at a river guarded by a grumpy stone troll. He says she can only pass if she proves she is clever with numbers. Flora is confused by the complicated equations inscribed on the bridge. Please finish your math homework to show the troll we are ready to cross!""
        },
        {
            ""day"": 2,
            ""title"": ""The Colorless Meadow"",
            ""story"": ""The next field has lost all its vibrant colors and looks very sad. Flora needs a bright map to find the secret path through the grey grass. She asks you to create a beautiful masterpiece to bring color back to the world. Will you draw an art project to help us see the way?""
        },
        {
            ""day"": 3,
            ""title"": ""The Clockwork Forest"",
            ""story"": ""Flora reaches a forest where time seems to spin in circles. The ancient trees will only let her through if she recites the rhythm of time. She needs someone to chant the order of the days to break the spell. Can you say the days of the week out loud for her?""
        },
        {
            ""day"": 4,
            ""title"": ""The Messy Cave Entrance"",
            ""story"": ""A narrow cave leads to the mountain where the Glow-Bloom grows. However, the entrance is blocked by piles of old leaves and clutter. Flora is too small to move all these heavy things by herself. Could you help by cleaning your room to clear our path?""
        },
        {
            ""day"": 5,
            ""title"": ""The Vanishing Guardian"",
            ""story"": ""A magical cat is the only one who knows the final secret of the peak. Suddenly, the sneaky feline disappears behind a cloud of silver mist. Flora needs your sharp eyes to locate the hidden guide before it is too late. Can you find where the cat is hiding right now?""
        },
        {
            ""day"": 6,
            ""title"": ""The Seed of Hope"",
            ""story"": ""Flora finally finds the spot where the magical flower should be, but it is just a tiny seed. The soil is dry and needs a special kind of love to make it sprout. She needs you to practice your gardening skills to help the magic grow. Will you grow and take care of a plant today?""
        },
        {
            ""day"": 7,
            ""title"": ""The Final Password"",
            ""story"": ""The Glow-Bloom is almost ready to open its petals and save the forest. A golden lock protects the flower, and it only opens to a secret ancient word. Flora needs you to speak the power word 'Luminescence' to unlock the treasure. Will you try saying this word very clearly for the flower?""
        }
    ],
    ""outro"": {
        ""title"": ""The Forest is Saved"",
        ""story"": ""Because you helped Flora every step of the way, the Glow-Bloom is finally shining bright. The forest is filled with light and the magic has returned to the trees. Flora sends you a tiny spark of fairy dust as a thank you gift. You are a true hero of the magical woods!""
    }
}",11.292113542556764,True,True,True,True,True,True,True,8,9.0,7.0,8.0,9.0,"The story follows a consistent 7-day structure and has a clear goal, but the puzzles and challenges could be more creative and less reliant on generic 'helping' actions. To improve, focus on adding unique twists to the obstacles and making the story more engaging by varying the tone and dialogue."
3867c7cc-79b8-411d-b332-f2386a325599,model_3,model_1,v2,2,"{
    ""intro"": {
        ""title"": ""The Quest for the Star-Petal"",
        ""story"": ""Deep within the Whispering Woods, Elara the fairy fluttered her shimmering wings with excitement. She was searching for the legendary Star-Petal flower that blooms only once every thousand years. The forest was full of ancient puzzles that protected this beautiful treasure from being found. Elara knew she couldn't solve these mysteries alone and needed a smart friend like you to help her.""
    },
    ""days"": [
        {
            ""day"": 1,
            ""title"": ""The Gate of Numbers"",
            ""story"": ""Elara reached a tall ivy gate that was locked tight with a golden number pad. To open the path, she must calculate the exact number of magic dust particles required for the spell. The forest spirits will only share the secret code if they see you practicing your own number skills today. Can you please do your math homework so the gate will swing open for us?""
        },
        {
            ""day"": 2,
            ""title"": ""The Colorless Valley"",
            ""story"": ""Past the gate, Elara entered a valley where all the flowers had lost their bright and beautiful colors. A grumpy gnome said the valley would stay gray until someone showed him a new masterpiece. Elara needs you to create something colorful to prove that beauty still exists in the world. Will you draw an art project now to bring the color back to the fairy valley?""
        },
        {
            ""day"": 3,
            ""title"": ""The Bridge of Time"",
            ""story"": ""A wide river blocked the way, and the only bridge was made of seven floating, glowing stones. Each stone represents a different time of the week and only stays solid when its name is spoken. Elara is worried she might fall into the water if she gets the sequence of the stones wrong. Please help her cross by saying the days of the week out loud right now.""
        },
        {
            ""day"": 4,
            ""title"": ""The Tangled Thickets"",
            ""story"": ""The trail ahead was covered in fallen branches and messy leaves that made it impossible to walk. Magic mirrors in the trees showed that the path reflects the tidiness of your own surroundings. If your space stays messy, the thorns will continue to block Elara from reaching the hidden garden. Can you help clear the way by cleaning your room and putting your toys away?""
        },
        {
            ""day"": 5,
            ""title"": ""The Missing Guardian"",
            ""story"": ""Elara met a tiny forest sprite who said a magical cat knows the secret location of the flower. However, the cat is very shy and has hidden itself somewhere nearby to take a long nap. Elara\u2019s fairy eyes are tired, and she needs your sharp vision to spot the furry friend. Can you look around the room and find where the cat is hiding for us?""
        },
        {
            ""day"": 6,
            ""title"": ""The Seed of Hope"",
            ""story"": ""The cat led Elara to a small, lonely seed sitting in a patch of dry, brown earth. The Star-Petal cannot appear until Elara demonstrates she knows how to nurture a living thing. She needs to see that you understand how to help things grow and keep them very healthy. Will you help her by starting to grow and take care of a plant today?""
        },
        {
            ""day"": 7,
            ""title"": ""The Final Password"",
            ""story"": ""Finally, Elara reached a shimmering cave where the air smelled like sweet honey and fresh rain. A giant stone head stood at the entrance, waiting to hear the ancient word of opening. The word is \""Luminescence,\"" and it must be spoken clearly to unlock the final chamber of light. Will you help Elara one last time and try saying this word: \""Luminescence\""?""
        }
    ],
    ""outro"": {
        ""title"": ""The Star-Petal Blooms"",
        ""story"": ""As you spoke the magic word, the cave walls parted to reveal the glowing Star-Petal flower. Elara cheered with joy and used its nectar to bring peace and magic back to the forest. She could never have completed this long journey without your hard work and wonderful problem-solving skills. You are now an honorary forest protector, and Elara will always remember your kindness and help.""
    }
}",25.228175163269043,True,True,True,True,True,True,True,8,9.0,7.0,8.0,9.0,"The story has a clear structure and engaging plot, but the puzzles and challenges could be more complex and varied to increase creativity. To improve, consider adding more unexpected twists and turns to the narrative, while maintaining the simple and suitable language for a child."
e3bbaccf-0b29-47c1-9334-4be55ae1e6e2,model_3,model_1,v2,3,"{
    ""intro"": {
        ""title"": ""The Fading Magic"",
        ""story"": ""Meet Elara, a tiny fairy with wings that shimmer like gossamer silk. Her forest is losing its sparkle because the magical Heart-Bloom is missing. She must find this legendary flower to restore magic to the ancient trees. Elara needs a smart human friend to help her on this long journey.""
    },
    ""days"": [
        {
            ""day"": 1,
            ""title"": ""The Owl's Riddle"",
            ""story"": ""Elara the fairy starts her search at the edge of the Whispering Woods. A wise old owl guards the path and demands a tribute of knowledge. He wants to see that you are learning your numbers and patterns. Can you please do your math homework to show the owl we are ready?""
        },
        {
            ""day"": 2,
            ""title"": ""The Gray River"",
            ""story"": ""The path leads to a river that has lost all its vibrant color. The water spirits are sad and will only help if we bring them beauty. Elara thinks a colorful picture would make the spirits smile again. Will you draw an art project to help us cross the gray river?""
        },
        {
            ""day"": 3,
            ""title"": ""The Sleeping Giant"",
            ""story"": ""Across the river, a stone giant blocks the way to the high mountain. He has been sleeping for ages and forgot how time works. He needs to hear the names of the days to wake up fully. Could you please say the days of the week out loud for him?""
        },
        {
            ""day"": 4,
            ""title"": ""The Cluttered Cave"",
            ""story"": ""They reach a messy cave where the magical flower's map is hidden. The cave is filled with clutter and Elara cannot find the scroll. A clean space always makes finding lost things much easier. Can you clean your room so we can find the next clue together?""
        },
        {
            ""day"": 5,
            ""title"": ""The Missing Key"",
            ""story"": ""The map shows the flower is hidden deep in the Shadow Valley. A mysterious guardian cat has run off with the final silver key. We must find where the creature is hiding before the sun sets. Can you help me find where the cat is in your house?""
        },
        {
            ""day"": 6,
            ""title"": ""The Sleeping Seed"",
            ""story"": ""They find the seed of the Heart-Bloom, but it is very dry and cold. The seed requires the touch of someone who knows how to nurture life. It will only sprout if it sees you caring for nature too. Please grow and take care of a plant to show the seed how to live.""
        },
        {
            ""day"": 7,
            ""title"": ""The Final Word"",
            ""story"": ""The plant has grown tall, but the magical flower stays tightly closed. To make it bloom, we must speak the ancient word of opening. The secret word is \""Chrysanthemum\"" and it must be spoken very clearly. Can you try saying this word to help the flower open its petals?""
        }
    ],
    ""outro"": {
        ""title"": ""The Forest Blooms"",
        ""story"": ""As you spoke the word, the Heart-Bloom burst into brilliant golden light. The magic flowed back into the forest, making every leaf and petal shimmer again. Elara thanks you for being such a brave and helpful companion this week. Together you saved the fairy realm with your hard work and kindness.""
    }
}",9.947179317474363,True,True,True,True,True,True,True,8,9.0,7.0,8.0,9.0,"The story follows a clear structure and the use of interactive elements keeps the reader engaged, but the theme of a magical flower restoring life to a forest is somewhat generic. To improve, consider adding more unique twists to the plot and character development, while maintaining the story's simplicity and suitability for children."
a4ce99a8-9f16-4b79-af7b-077c0cfa8b16,model_1,model_3,v1,0,"{
    ""intro"": {
        ""title"": ""The Adventure Begins"",
        ""story"": ""Lily, a brave little pirate, sets sail on a journey to find the legendary hidden treasure. She's determined to build her courage and needs your help along the way.""
    },
    ""days"": [
        {
            ""day"": 1,
            ""title"": ""Day 1: Counting Treasure"",
            ""story"": ""Meet Lily, a brave little pirate on a mission to find hidden treasure. She needs to count the 20 steps to the treasure map, but she's stuck - can you help her count from 1 to 20?""
        },
        {
            ""day"": 2,
            ""title"": ""Day 2: Pirate's Name"",
            ""story"": ""Lily found a mysterious scroll with a note that says 'only the pirate who can spell their name can pass.' She's having trouble spelling her name - can you spell your name to help her?""
        },
        {
            ""day"": 3,
            ""title"": ""Day 3: Animal Friends"",
            ""story"": ""Lily encountered three friendly animals on her journey, but she can't remember their names. Can you name three animals to help her recall?""
        },
        {
            ""day"": 4,
            ""title"": ""Day 4: Cleaning the Ship"",
            ""story"": ""Lily's ship is messy, and she needs to clean the table before she can use her map. Can you help her clean the table?""
        },
        {
            ""day"": 5,
            ""title"": ""Day 5: Lost Toy"",
            ""story"": ""Lily's favorite toy, a compass, is missing, and she can't navigate without it. Can you help her find the missing toy?""
        },
        {
            ""day"": 6,
            ""title"": ""Day 6: Watering the Plant"",
            ""story"": ""Lily found a magical plant that will give her a clue, but it's thirsty. Can you help her water the plant?""
        },
        {
            ""day"": 7,
            ""title"": ""Day 7: Singing Pirate"",
            ""story"": ""Lily needs to sing a short song to awaken the treasure, but she's too shy. Can you sing a short song to help her?""
        }
    ],
    ""outro"": {
        ""title"": ""Congratulations!"",
        ""story"": ""With your help, Lily successfully found the treasure and became a courageous pirate - thank you for joining her on this adventure!""
    }
}",2.143336772918701,True,True,True,True,True,True,True,6,9.0,3.0,4.0,10.0,"Each day provides a clear blocker and call to action, but the logic is often weak, such as spelling 'your' name to help Lily spell 'hers.' The progression lacks tension, as chores like cleaning a table or watering a plant feel like filler rather than obstacles on a high-seas adventure."
8faf2707-ca08-4145-a636-5e5b2ebbe54f,model_1,model_3,v1,1,"{
    ""intro"": {
        ""title"": ""Introduction: The Brave Little Pirate"",
        ""story"": ""In a faraway ocean, a brave little pirate named Lily set sail on a quest to find the legendary hidden treasure. She was determined to be brave and clever, but she needed help from a friend like you. With a map in hand, she began her adventure.""
    },
    ""days"": [
        {
            ""day"": 1,
            ""title"": ""Day 1: The Countdown Begins"",
            ""story"": ""Lily, a brave little pirate, set sail to find the hidden treasure, but first, she needed to count the 20 steps to the ancient map. She started counting but got stuck at 10. Can you help her count from 1 to 20?""
        },
        {
            ""day"": 2,
            ""title"": ""Day 2: The Mysterious Name"",
            ""story"": ""Lily reached the map, but it was locked with a spell that required her to spell her name to unlock it. She tried, but the letters got jumbled. Can you spell your name to help Lily unlock the map?""
        },
        {
            ""day"": 3,
            ""title"": ""Day 3: The Animal Friends"",
            ""story"": ""Lily unlocked the map, which led her to a forest where she needed to name three animals to cross the river. She saw many animals, but couldn't remember their names. Can you name three animals to help Lily?""
        },
        {
            ""day"": 4,
            ""title"": ""Day 4: The Clean Table"",
            ""story"": ""Lily crossed the river and arrived at a cozy cottage, where she found a table filled with treasures, but it was messy. She needed help cleaning the table to find the next clue. Can you help clean the table?""
        },
        {
            ""day"": 5,
            ""title"": ""Day 5: The Lost Toy"",
            ""story"": ""Lily cleaned the table and found a riddle that led her to a room where she had to find a missing toy to unlock the door. She looked everywhere, but the toy was nowhere to be found. Can you help her find the missing toy?""
        },
        {
            ""day"": 6,
            ""title"": ""Day 6: The Thirsty Plant"",
            ""story"": ""Lily found the toy and unlocked the door, which led her to a garden where she needed to water a plant to make it bloom and reveal the next clue. She had a watering can, but it was too heavy. Can you help her water the plant?""
        },
        {
            ""day"": 7,
            ""title"": ""Day 7: The Magical Song"",
            ""story"": ""Lily watered the plant, and it bloomed, revealing a microphone that required her to sing a short song to activate the treasure chest. She loved singing, but her voice was too quiet. Can you sing a short song to help Lily?""
        }
    ],
    ""outro"": {
        ""title"": ""Outro: The Treasure Found"",
        ""story"": ""With your help, Lily overcame all the challenges, and the treasure chest opened, revealing a shiny treasure that sparkled with magic. You helped Lily build her courage, and together, you made the impossible possible. Congratulations, you're a true treasure helper!""
    }
}",2.419875144958496,True,True,True,True,True,True,True,6,9.0,4.0,5.0,9.0,"The story follows the 'blocker' and 'call to action' rules consistently, ensuring an interactive experience for the child. However, the narrative coherence suffers when the pirate adventure shifts abruptly into domestic chores like cleaning a cottage table and finding toys."
4108bcee-96e6-4065-b266-278094994965,model_1,model_3,v1,2,"{
    ""intro"": {
        ""title"": ""The Brave Little Pirate's Quest"",
        ""story"": ""In a small village by the sea, a brave little pirate named Max set out to find a hidden treasure. Max had a map, but it was cryptic, and the journey would require great courage. Max's first challenge was to prepare for the journey, but a problem arose: Max needed to make sure the compass was working correctly by counting the clicks from 1 to 20.""
    },
    ""days"": [
        {
            ""day"": 1,
            ""title"": ""Counting Clicks"",
            ""story"": ""Max tried to count from 1 to 20, but got confused after 10, and the compass started spinning wildly. Can you help Max count from 1 to 20 to fix the compass?""
        },
        {
            ""day"": 2,
            ""title"": ""Signing the Map"",
            ""story"": ""Max reached an old, mysterious-looking door with a sign that said 'Only those who can spell their name may pass.' Max tried to spell 'Max,' but the letters got jumbled. Can you help Max spell your name to unlock the door?""
        },
        {
            ""day"": 3,
            ""title"": ""Animal Allies"",
            ""story"": ""Max encountered a forest where three magical animals were said to reside, but Max couldn't remember their names. Max needed to name three animals to summon them, but Max's mind went blank. Can you help Max name three animals to get their help?""
        },
        {
            ""day"": 4,
            ""title"": ""Cleaning the Table"",
            ""story"": ""Max arrived at a cozy tavern where a wise old pirate was willing to share a crucial clue, but only if Max helped clean the messy table. Max started cleaning, but there were too many dishes, and Max didn't know where to begin. Can you help Max clean the table to get the clue?""
        },
        {
            ""day"": 5,
            ""title"": ""Finding the Missing Toy"",
            ""story"": ""Max met a friendly parrot who had a vital piece of the treasure map, but the parrot's favorite toy was missing, and it wouldn't talk until the toy was found. Max searched high and low but couldn't find it. Can you help Max find the missing toy to get the map piece?""
        },
        {
            ""day"": 6,
            ""title"": ""Watering the Plant"",
            ""story"": ""Max came across a withering plant that, when watered, would bloom into a flower with a hidden key. Max tried to water it, but the watering can was too heavy, and Max couldn't pour the water correctly. Can you help Max water the plant to get the key?""
        },
        {
            ""day"": 7,
            ""title"": ""Singing for the Treasure"",
            ""story"": ""Max finally reached the treasure chest, but it was locked with a musical lock that required a short, happy song to be sung to open it. Max tried singing, but Max's voice was too quiet, and the lock didn't budge. Can you help Max sing a short song to open the treasure chest?""
        }
    ],
    ""outro"": {
        ""title"": ""The Treasure Found"",
        ""story"": ""With your help, Max found the treasure, and it was a note that said, 'The greatest treasure is the courage and friendship found along the way.' Max thanked you for being a true friend and helper on this adventure, and together, you celebrated with a big, happy smile.""
    }
}",5.0656328201293945,True,True,True,True,True,True,True,7,10.0,4.0,6.0,10.0,"The story successfully implements a clear 'blocker' and 'call to action' for each day, maintaining high engagement for a young audience. However, some tasks feel like disconnected household chores rather than thematic pirate challenges, and the 'treasure is friendship' ending is a very common trope."
a9bc1403-96d8-45e3-afbb-000ff69b5f72,model_1,model_3,v1,3,"{
    ""intro"": {
        ""title"": ""The Adventure Begins"",
        ""story"": ""In a faraway land, a brave little pirate named Captain Jack was on a mission to find a hidden treasure, and he needed your help to overcome the challenges ahead, are you ready to join him on this exciting adventure?""
    },
    ""days"": [
        {
            ""day"": 1,
            ""title"": ""The Brave Little Pirate"",
            ""story"": ""Captain Jack, a brave little pirate, set out to find a hidden treasure, but first, he needed to count the 20 steps to the old wooden bridge, can you help him count from 1 to 20?""
        },
        {
            ""day"": 2,
            ""title"": ""The Mysterious Map"",
            ""story"": ""As Captain Jack reached the bridge, he found a mysterious map, but it was signed with a name that he couldn't read, can you spell your name to help Captain Jack decipher the map?""
        },
        {
            ""day"": 3,
            ""title"": ""The Forest Creatures"",
            ""story"": ""As Captain Jack ventured into the forest, he met three friendly animals who offered to help him, but he needed to know their names, can you name three animals to help Captain Jack befriend them?""
        },
        {
            ""day"": 4,
            ""title"": ""The Messy Tavern"",
            ""story"": ""After a long day, Captain Jack arrived at a messy tavern, where he needed to eat and rest, but the table was dirty, can you help clean the table so Captain Jack can have a nice meal?""
        },
        {
            ""day"": 5,
            ""title"": ""The Lost Compass"",
            ""story"": ""The next morning, Captain Jack realized he lost his compass, a crucial tool to find the treasure, can you help him find the missing toy compass?""
        },
        {
            ""day"": 6,
            ""title"": ""The Magical Plant"",
            ""story"": ""As Captain Jack sailed across the sea, he found a magical plant that would guide him to the treasure, but it needed water to bloom, can you help water the plant so it can flourish?""
        },
        {
            ""day"": 7,
            ""title"": ""The Treasure Island"",
            ""story"": ""Finally, Captain Jack arrived at the treasure island, but to open the treasure chest, he needed to sing a magical song, can you help him sing a short song to unlock the chest?""
        }
    ],
    ""outro"": {
        ""title"": ""The Treasure Found"",
        ""story"": ""With your help, Captain Jack found the treasure and became the bravest pirate ever, thank you for being his trusty companion on this journey, and remember, you too can be brave and overcome any challenge that comes your way!""
    }
}",2.1512482166290283,True,True,True,True,True,True,True,7,10.0,3.0,5.0,9.0,"The story provides clear blockers that require the reader's intervention to proceed, though tasks like cleaning a table or watering plants feel more like domestic chores than pirate adventures. Each day concludes with a direct call to action, effectively engaging a young child through simple interactive prompts."
3b651c62-2086-4907-a73b-10a8cdea1ec5,model_1,model_3,v2,0,"{
    ""intro"": {
        ""title"": ""The Brave Little Pirate"",
        ""story"": ""A brave little pirate named Jack set out to find a hidden treasure. He sailed across the ocean, facing many challenges along the way. Jack was very determined to find the treasure, and he knew he could do it with your help. He was excited to start his journey and see what adventures awaited him.""
    },
    ""days"": [
        {
            ""day"": 1,
            ""title"": ""The Journey Begins"",
            ""story"": ""A brave little pirate named Jack set out to find a hidden treasure. He sailed across the ocean, facing many challenges along the way. Jack needed to keep track of the number of rocks he passed, so he asked you to count from 1 to 20 to help him navigate. Can you help Jack by counting from 1 to 20 to see how many rocks he passed?""
        },
        {
            ""day"": 2,
            ""title"": ""Meeting a Friend"",
            ""story"": ""As Jack sailed further, he met a friendly parrot named Polly who joined him on his quest. Polly was very chatty and wanted to introduce herself, but she needed help spelling her name. Jack asked you to spell your name to help Polly learn how to spell hers. Can you spell your name to help Polly?""
        },
        {
            ""day"": 3,
            ""title"": ""Animal Friends"",
            ""story"": ""Jack and Polly sailed to a beautiful island filled with animals, and they wanted to make some new friends. Jack needed to know the names of three animals to call out to them, so he asked for your help. You told Jack the names of three animals, and they were able to make some new friends. What three animals would you like to tell Jack about?""
        },
        {
            ""day"": 4,
            ""title"": ""Cleaning Up"",
            ""story"": ""After a long day of sailing, Jack and Polly arrived at a cozy little cottage, but it was very messy. They needed to clean up before they could rest, so Jack asked you to help clean the table. You helped Jack and Polly clean the table, and now they can have a nice dinner. Can you help Jack and Polly clean the table by putting away the dirty dishes?""
        },
        {
            ""day"": 5,
            ""title"": ""Finding a Treasure Map"",
            ""story"": ""Jack and Polly were searching for a treasure map, but it was nowhere to be found. They looked high and low, but they needed your help to find it. You helped Jack and Polly find the missing treasure map, and now they can continue their quest. Can you help Jack and Polly find the missing treasure map by looking under the couch?""
        },
        {
            ""day"": 6,
            ""title"": ""Watering the Plants"",
            ""story"": ""As Jack and Polly sailed to the next island, they came across a beautiful garden filled with plants. The plants were very thirsty, and Jack needed your help to water them. You helped Jack water the plants, and now they are happy and healthy. Can you help Jack water the plants by pouring water into the watering can?""
        },
        {
            ""day"": 7,
            ""title"": ""Singing a Song"",
            ""story"": ""Jack and Polly finally reached the treasure island, and they were so excited to find the treasure. But to open the treasure chest, they needed to sing a short song, and Jack asked you to help them. You sang a short song with Jack and Polly, and the treasure chest opened. Can you sing a short song with Jack and Polly to open the treasure chest?""
        }
    ],
    ""outro"": {
        ""title"": ""The Treasure Found"",
        ""story"": ""With your help, Jack and Polly were able to overcome all the challenges and find the hidden treasure. They were so happy and thanked you for your help. Jack and Polly sailed back home, and they were hailed as heroes for their bravery. They knew they couldn't have done it without your help, and they were grateful for your friendship.""
    }
}",2.5125937461853027,True,True,True,True,True,True,True,5,8.0,3.0,5.0,9.0,"The story suffers from a major thematic disconnect when a pirate quest involves domestic chores like cleaning a cottage and looking under a couch. While the calls to action are interactive, they feel like arbitrary tasks rather than organic obstacles that build tension toward the final goal."
d90f8d60-d0be-4277-807c-ae82205d25f1,model_1,model_3,v2,1,"{
    ""intro"": {
        ""title"": ""Welcome to the Adventure"",
        ""story"": ""A brave little pirate named Timmy was on a mission to find a hidden treasure on a mysterious island. He had heard that the journey would be difficult, but he was determined to find the treasure. To start his journey, Timmy needed to prepare himself and gather all the necessary supplies. He was excited to begin his adventure and see what lay ahead, and he knew that the child's help would be crucial in achieving his goal.""
    },
    ""days"": [
        {
            ""day"": 1,
            ""title"": ""The Journey Begins"",
            ""story"": ""A brave little pirate named Timmy set out to find a hidden treasure on a mysterious island. He had heard that the treasure was buried deep within the island and that the journey would be difficult. To start his journey, Timmy needed to count the number of steps it took to get to the first landmark, and he needed the child's help to do so. Can you help Timmy count from 1 to 20 to see how many steps it takes to reach the landmark?""
        },
        {
            ""day"": 2,
            ""title"": ""Crossing the River"",
            ""story"": ""After counting the steps, Timmy arrived at a river that he needed to cross to continue his journey. He found a small boat, but it had a sign that said the boat could only be used by someone who could spell their name correctly. Timmy was not very good at spelling, so he asked the child for help. Can you spell your name to help Timmy unlock the boat and cross the river?""
        },
        {
            ""day"": 3,
            ""title"": ""The Forest"",
            ""story"": ""Once Timmy crossed the river, he entered a dense forest where he encountered many animals. To find his way through the forest, Timmy needed to identify the different animals he saw, and he needed the child's help to do so. The child was asked to name three animals that Timmy might see in the forest. Can you name three animals to help Timmy navigate through the forest?""
        },
        {
            ""day"": 4,
            ""title"": ""The Old Hut"",
            ""story"": ""After navigating through the forest, Timmy arrived at an old hut where he needed to rest and have something to eat. However, the table in the hut was very messy, and Timmy needed help to clean it. The child was asked to help Timmy clean the table so that they could have a nice meal. Can you help Timmy clean the table by sorting the items into categories?""
        },
        {
            ""day"": 5,
            ""title"": ""The Missing Map"",
            ""story"": ""While Timmy was resting in the hut, he realized that he had lost the map that would lead him to the treasure. The map was very important, and Timmy needed the child's help to find it. The child was asked to help Timmy search the hut and find the missing map. Can you help Timmy find the missing map by looking under the bed, in the cupboard, or outside the hut?""
        },
        {
            ""day"": 6,
            ""title"": ""The Garden"",
            ""story"": ""After finding the map, Timmy arrived at a beautiful garden where he needed to water a plant that would give him a crucial clue to the treasure's location. However, the plant was very thirsty, and Timmy needed the child's help to water it. The child was asked to help Timmy water the plant by pouring exactly the right amount of water. Can you help Timmy water the plant by using a watering can?""
        },
        {
            ""day"": 7,
            ""title"": ""The Treasure"",
            ""story"": ""Finally, after many days of traveling, Timmy arrived at the location of the treasure, but it was hidden behind a locked door. To unlock the door, Timmy needed to sing a short song that would reveal the combination. The child was asked to help Timmy sing the song to unlock the door. Can you help Timmy sing a short song, like 'The Wheels on the Bus' or 'Old MacDonald Had a Farm', to unlock the door and find the treasure?""
        }
    ],
    ""outro"": {
        ""title"": ""The Treasure Found"",
        ""story"": ""With the child's help, Timmy was able to unlock the door and find the treasure, which was a chest filled with gold coins and precious jewels. Timmy was overjoyed and thanked the child for their help throughout the journey. The child had played a crucial role in helping Timmy build his courage and achieve his goal. Together, they returned home, where they were greeted as heroes, and the child received a special reward for their bravery and helpfulness.""
    }
}",3.1327104568481445,True,True,True,True,True,True,True,7,9.0,4.0,6.0,8.0,"The story effectively utilizes clear blockers such as the locked door and missing map that require immediate child intervention to proceed. However, the narrative is quite repetitive and some tasks, like cleaning a table or watering a plant, feel more like mundane chores than part of a high-stakes pirate adventure."
dbc93a1f-825e-4ddc-9c41-8a589cdf04d9,model_1,model_3,v2,2,"{
    ""intro"": {
        ""title"": ""The Journey Begins"",
        ""story"": ""A brave little pirate named Jack had always dreamed of finding the legendary hidden treasure, said to be buried on a mysterious island. He had been preparing for this journey his whole life, and finally, the day had arrived. With a heart full of courage and a mind full of wonder, Jack set sail on his trusty ship, ready to face whatever challenges lay ahead. What do you think Jack will find on his journey?""
    },
    ""days"": [
        {
            ""day"": 1,
            ""title"": ""The Brave Little Pirate"",
            ""story"": ""A brave little pirate named Jack set sail on a journey to find a hidden treasure, his heart full of hope and determination. He had been searching for days, and finally, he arrived at an island where the treasure was said to be buried. To start his search, Jack needed to count the steps from the beach to the forest, and he asked for your help to count from 1 to 20. Can you help Jack count the steps?""
        },
        {
            ""day"": 2,
            ""title"": ""Through the Forest"",
            ""story"": ""As Jack ventured through the forest, the path became narrower, and he needed to be careful not to get lost. He stumbled upon an old, mysterious-looking map that might lead him to the treasure, but it was difficult to read. To decipher the map, Jack had to sign his name on a piece of parchment to prove his identity, and he asked you to spell your name to help him remember how to write his own. Can you spell your name for Jack?""
        },
        {
            ""day"": 3,
            ""title"": ""The Jungle Creatures"",
            ""story"": ""The forest was teeming with life, and Jack encountered many creatures along the way, including birds, monkeys, and snakes. To navigate through the jungle safely, Jack needed to know which animals were friendly and which ones to avoid. He asked for your help in naming three animals that you think might be living in the jungle. What three animals do you think Jack might find?""
        },
        {
            ""day"": 4,
            ""title"": ""Rest and Refuel"",
            ""story"": ""After a long day of searching, Jack arrived at a small clearing with a table in the center, filled with all sorts of treasures and trinkets. However, the table was cluttered, and Jack couldn't find the map he needed to continue his journey. He asked for your help in cleaning the table, so he could find the map and continue his search. Can you help Jack clean the table?""
        },
        {
            ""day"": 5,
            ""title"": ""The Missing Compass"",
            ""story"": ""As Jack continued his journey, he realized that his compass was missing, and he couldn't navigate through the forest without it. He remembered that he had it when he was on the beach, but now it was nowhere to be found. Jack asked for your help in finding the missing compass, which was hidden among his toys. Can you help Jack find his missing compass?""
        },
        {
            ""day"": 6,
            ""title"": ""The Secret Garden"",
            ""story"": ""Deep in the forest, Jack stumbled upon a secret garden filled with beautiful flowers and plants. In the center of the garden was a small, wilted plant that caught Jack's eye, and he knew he had to water it to bring it back to life. Jack asked for your help in watering the plant, so it could bloom and reveal a hidden clue. Can you help Jack water the plant?""
        },
        {
            ""day"": 7,
            ""title"": ""The Final Riddle"",
            ""story"": ""After solving all the previous challenges, Jack arrived at the entrance to the treasure cave, but it was locked with a magical door that required a special key. The key was hidden inside a song, and Jack needed your help in singing a short song to reveal the key. Can you sing a short song with Jack to unlock the treasure cave?""
        }
    ],
    ""outro"": {
        ""title"": ""The Treasure Found"",
        ""story"": ""With the magical door unlocked, Jack entered the treasure cave and found a chest overflowing with gold, jewels, and precious artifacts. But more valuable than the treasure itself was the courage and determination that Jack had developed throughout his journey, with your help every step of the way. Jack realized that the true treasure was the friendship and camaraderie he shared with you, and he thanked you for your help in achieving his goal. Together, Jack and you returned home, filled with a sense of pride and accomplishment, knowing that you can overcome any challenge as long as you have the courage to try.""
    }
}",3.32102632522583,True,True,True,True,True,True,True,4,8.0,3.0,5.0,9.0,"The narrative breaks immersion by introducing domestic blockers like 'cleaning a table' and 'finding toys' in the middle of a jungle, which lack thematic logic. While the calls to action are interactive, they feel like disjointed chores rather than meaningful steps toward finding pirate treasure."
79b9b7d3-a6ab-4abf-94d0-dcc0aa740b37,model_1,model_3,v2,3,"{
    ""intro"": {
        ""title"": ""The Brave Little Pirate"",
        ""story"": ""In a faraway island, there lived a brave little pirate named Jack who dreamed of finding the legendary hidden treasure. The treasure was said to be buried deep within the island, and many pirates before Jack had attempted to find it but failed. Jack was determined to succeed, but he knew he needed to build his courage to overcome the challenges that lay ahead. He had heard that the journey to the treasure would be filled with obstacles, but he was ready to face them.""
    },
    ""days"": [
        {
            ""day"": 1,
            ""title"": ""Day 1: The Journey Begins"",
            ""story"": ""Jack set sail on his small boat, and as he approached the island, he realized he needed to count the number of palm trees to find the correct path. He asked for help to count from 1 to 20, and with the correct count, he found the entrance to the jungle. The dense foliage made it difficult to navigate, but Jack was determined to press on. Can you help Jack count from 1 to 20 to ensure he's on the right path?""
        },
        {
            ""day"": 2,
            ""title"": ""Day 2: The Mysterious Map"",
            ""story"": ""As Jack ventured deeper into the jungle, he stumbled upon an old, mysterious map that would lead him to the treasure. However, the map was worn out, and the only readable part was a section that required him to spell out his name to unlock a secret code. Jack's name was the key to unlocking the next stage of his journey. Can you help Jack spell out his name to unlock the secret code?""
        },
        {
            ""day"": 3,
            ""title"": ""Day 3: The Animal Friends"",
            ""story"": ""Jack continued on his journey and came across a variety of animals, including a parrot, a monkey, and a tiger. He realized that these animals could help him navigate through the jungle, but he needed to identify them correctly. Jack needed help naming three animals that could be his friends on this journey. Can you help Jack name three animals that could assist him?""
        },
        {
            ""day"": 4,
            ""title"": ""Day 4: The Clean Table"",
            ""story"": ""After a long day of traveling, Jack arrived at a small village where he was offered food and shelter. However, the table was messy, and Jack needed help cleaning it before he could eat. He asked for assistance in cleaning the table so he could rest and prepare for the next day's challenge. Can you help Jack clean the table by putting away the dirty dishes?""
        },
        {
            ""day"": 5,
            ""title"": ""Day 5: The Missing Toy"",
            ""story"": ""The next morning, Jack met a young boy in the village who had lost his favorite toy, a small stuffed pirate. The boy was very sad, and Jack wanted to help him find the toy. Jack needed help searching the village to find the missing toy. Can you help Jack find the missing toy by looking around the village?""
        },
        {
            ""day"": 6,
            ""title"": ""Day 6: The Thirsty Plant"",
            ""story"": ""As Jack continued his journey, he came across a beautiful plant that was wilting due to the hot sun. Jack wanted to help the plant, but he needed assistance in watering it. He asked for help in giving the plant the water it desperately needed. Can you help Jack water the plant to keep it alive?""
        },
        {
            ""day"": 7,
            ""title"": ""Day 7: The Final Song"",
            ""story"": ""On the last day of his journey, Jack finally reached the entrance to the treasure cave. However, the cave was guarded by a magical creature that required Jack to sing a short song to prove his bravery. Jack needed help singing a short song to gain entrance to the cave. Can you help Jack sing a short song to show his courage?""
        }
    ],
    ""outro"": {
        ""title"": ""The Treasure Found"",
        ""story"": ""With the help of his new friends, Jack was able to overcome all the obstacles and finally found the hidden treasure. The treasure was a chest filled with golden coins and precious jewels, and Jack was overjoyed. He realized that the journey was just as important as the treasure, and he was grateful for the help and support he received along the way. Jack returned home a brave and confident pirate, with a story to tell and a heart full of joy, knowing that he couldn't have done it without the help of his friends.""
    }
}",5.635533571243286,True,True,True,True,True,True,True,4,7.0,3.0,4.0,9.0,"The story effectively implements the blocker and call to action mechanics in every chapter to engage the reader. However, the mid-story blockers involving domestic chores are logically disconnected from the pirate theme, stalling the progression toward the legendary treasure."
bd5748b5-b6e7-451c-9f1b-5c7a7db3b8cc,model_3,model_1,v1,3,"{
    ""intro"": {
        ""title"": ""A Pirate's Promise"",
        ""story"": ""Pip is a small pirate with a big dream to find the legendary Golden Compass of Courage. He is nervous about the deep blue sea, but he knows that with a friend like you, he can face anything. Let\u2019s begin our adventure to the hidden island!""
    },
    ""days"": [
        {
            ""day"": 1,
            ""title"": ""The Numbered Gate"",
            ""story"": ""Pip stands before the giant Stone Gate, which only opens if the magic steps are counted perfectly. He starts to count but gets stuck after five and feels a little worried. Can you help Pip reach the other side by counting from 1 to 20?""
        },
        {
            ""day"": 2,
            ""title"": ""The Captain's Log"",
            ""story"": ""To board the 'Sea Star,' Pip must sign the captain\u2019s log, but he is too shy to write his own name. He needs a brave friend to provide a special password to start the engine. Can you help him by spelling your name out loud?""
        },
        {
            ""day"": 3,
            ""title"": ""The Friendly Giant"",
            ""story"": ""A giant octopus blocks the lagoon and will only let the ship pass if he hears about land creatures. Pip has only ever seen fish and is too nervous to speak to the big octopus. Can you name three animals to help Pip clear the way?""
        },
        {
            ""day"": 4,
            ""title"": ""Clearing the Path"",
            ""story"": ""The ship\u2019s map table is covered in sticky crumbs and mess, making it impossible for Pip to see the path to Treasure Island. He wants to be a tidy captain but doesn't know where to start. Will you help him by cleaning the table?""
        },
        {
            ""day"": 5,
            ""title"": ""The Lost Telescope"",
            ""story"": ""Pip\u2019s lucky telescope is lost in the cabin, and without it, he is afraid he will miss the hidden island. He is feeling sad and ready to give up his search. Can you find a missing toy in your room to show Pip how to be a great seeker?""
        },
        {
            ""day"": 6,
            ""title"": ""The Wilting Map"",
            ""story"": ""The 'Map Flower' on the island is wilting from the heat, and its petals hold the secret to the treasure's location. Pip is worried the flower will fade before he learns the secret. Can you water a plant to give the Map Flower the strength to bloom?""
        },
        {
            ""day"": 7,
            ""title"": ""The Musical Lock"",
            ""story"": ""Pip has finally reached the golden treasure chest, but it is held shut by a musical spell. He is so nervous that he has forgotten how to be brave and loud. Can you sing a short song to help Pip find his courage and open the chest?""
        }
    ],
    ""outro"": {
        ""title"": ""The Bravest Pair"",
        ""story"": ""Because of your help, Pip found the Golden Compass and discovered he was brave all along! You were the perfect first mate, and your kindness made this adventure possible. Rest well, little hero, for you have saved the day!""
    }
}",10.865980625152588,True,True,True,True,True,True,True,8,9.0,7.0,8.0,9.0,"The story follows a clear 7-day structure and has a coherent plot, but the theme of overcoming fears and finding courage is not particularly unique. The language is simple and suitable for children, and the story builds tension toward the goal, but some of the challenges feel a bit generic."
c102f2f8-f29e-4043-ad5b-f5e29b578708,model_3,model_1,v1,3,"{
    ""intro"": {
        ""title"": ""Pippa's Big Quest"",
        ""story"": ""Pippa is a small pirate with a big dream to find the legendary Crystal Compass. She sets sail for Mystery Island, hoping to find her courage along the way. She cannot do it alone and needs a brave friend like you to help.""
    },
    ""days"": [
        {
            ""day"": 1,
            ""title"": ""The Magic Number Gate"",
            ""story"": ""Pippa the Pirate stands before the Cave of Echoes, but the stone door is locked tight. To open it, she must hear a perfect sequence of magic numbers. Can you help her by counting from 1 to 20?""
        },
        {
            ""day"": 2,
            ""title"": ""The Letter Bridge"",
            ""story"": ""Inside the cave, Pippa finds a bridge made of floating, wobbly letters that she cannot cross. To make the letters freeze into a solid path, a powerful name must be spoken aloud. Can you spell your name to steady the bridge?""
        },
        {
            ""day"": 3,
            ""title"": ""The Parrot's Request"",
            ""story"": ""A grumpy giant parrot is blocking the jungle trail and won't move an inch. He says he will only fly away if he learns about three different creatures from your world. Can you name three animals for the parrot?""
        },
        {
            ""day"": 4,
            ""title"": ""Clearing the Map"",
            ""story"": ""Pippa finds the ancient map on a stone altar, but it is covered in sticky jungle dust and crumbs. She needs a clean, clear space to spread the map out and find the next clue. Can you help clean the table so she can see the way?""
        },
        {
            ""day"": 5,
            ""title"": ""The Missing Key"",
            ""story"": ""Oh no! Pippa dropped her lucky golden key in the tall, wavy grass and she can't see it anywhere. She needs to practice her searching skills with you to sharpen her eyes. Can you find a missing toy in your house?""
        },
        {
            ""day"": 6,
            ""title"": ""Thirsty Vines"",
            ""story"": ""The path to the treasure is blocked by thirsty, wilted vines that have fallen asleep. They need a refreshing drink of water to wake up and move out of Pippa's way. Can you help her by watering a plant?""
        },
        {
            ""day"": 7,
            ""title"": ""The Brave Song"",
            ""story"": ""Pippa is finally at the treasure chest, but the dark shadows make her feel a little bit nervous. She needs a happy, brave sound to fill the air so she can finally turn the key. Can you sing a short song for her?""
        }
    ],
    ""outro"": {
        ""title"": ""The Brave Pirate's Victory"",
        ""story"": ""Because of your help, Pippa found the Crystal Compass and discovered that she was brave all along! You were the best crew mate a pirate could ask for, and your magic made this adventure a success. Sleep tight, little explorer!""
    }
}",7.83563232421875,True,True,True,True,True,True,True,8,9.0,7.0,8.0,9.0,"The story effectively follows the 7-day structure, but the theme of a pirate's quest is somewhat generic. To improve, consider adding more unexpected twists to the plot while maintaining the simple, child-friendly language."
c3681e55-3bc1-4b13-8eda-d26b4232cd10,model_3,model_1,v2,3,"{
    ""intro"": {
        ""title"": ""A Brave Beginning"",
        ""story"": ""Meet Pip, a small pirate with a big dream of finding the Golden Compass. He stands on the shore of Whispering Beach, looking at his old map. Even though his knees shake, he knows he must cross the Great Blue Sea. He needs a brave first mate like you to help him start this adventure.""
    },
    ""days"": [
        {
            ""day"": 1,
            ""title"": ""Loading the Ship"",
            ""story"": ""Today we must load twenty heavy crates of supplies onto our wooden ship. Pip tries to lift them, but he keeps losing track of how many are left. If we do not have enough boxes, we might run out of snacks at sea. Can you help Pip keep track by counting out loud from one to twenty?""
        },
        {
            ""day"": 2,
            ""title"": ""The Captain's Log"",
            ""story"": ""The ship is finally moving, but we need to sign the official pirate logbook. Pip says every brave sailor must write their name to show they are part of the crew. He is holding the quill ready, but he does not know how to spell your name yet. To join the journey, will you please spell your name out loud for Captain Pip?""
        },
        {
            ""day"": 3,
            ""title"": ""Shadows in the Deep"",
            ""story"": ""Look over the side of the boat because strange shadows are swimming beneath the waves. Pip is a little scared of what might be lurking in the deep, dark water. He wants to know if they are friendly creatures or scary monsters from the old legends. To help him feel brave, can you name three animals that live in the ocean?""
        },
        {
            ""day"": 4,
            ""title"": ""The Messy Map Room"",
            ""story"": ""A giant storm tossed the ship around all night and made a huge mess. The map room is covered in crumbs and sticky juice from the morning breakfast. Pip needs a clean space to see where the treasure is hidden on the paper. Will you help the crew get organized by helping to clean off your table now?""
        },
        {
            ""day"": 5,
            ""title"": ""The Lost Key"",
            ""story"": ""We have reached the Forbidden Island, but Pip has lost the key to the chest. It fell out of his pocket while he was climbing over the sharp, gray rocks. He is worried we won't be able to unlock the secret path without your help. Can you practice your searching skills by finding a missing toy in your own room?""
        },
        {
            ""day"": 6,
            ""title"": ""The Thirsty Garden"",
            ""story"": ""The path to the treasure leads through a magical garden that is very thirsty. The flowers are drooping and the leaves are turning brown under the hot sun. Pip believes that kindness is the only way to make the secret bridge appear. To show your kindness, could you please go and water a real plant for us?""
        },
        {
            ""day"": 7,
            ""title"": ""The Cave of Echoes"",
            ""story"": ""We are standing right in front of the giant Cave of Echoes at last. The heavy stone door only opens when it hears a joyful and brave sound. Pip is too nervous to make a peep, so he is looking to you for help. Will you help us open the door by singing a short song as loud as you can?""
        }
    ],
    ""outro"": {
        ""title"": ""The Golden Reward"",
        ""story"": ""The stone door swings open and reveals the glowing Golden Compass inside the cave. Pip holds it high and realizes he was brave all along because you were there. Together you have completed the quest and proven that you are both true heroes. You can keep the compass in your heart as a reminder of our great adventure.""
    }
}",16.41216516494751,True,True,True,True,True,True,True,8,9.0,7.0,8.0,9.0,"The story excels in consistency and language, with a clear 7-day structure and simple vocabulary suitable for children. However, the creativity could be improved by introducing more unique themes or plot twists, and the blocker and call to action rules could be more clearly defined to enhance the story's overall impact."
65e248ae-f1ea-456c-8bf8-90ed66788562,model_3,model_1,v1,3,"{
    ""intro"": {
        ""title"": ""A Pirate\u2019s Big Dream"",
        ""story"": ""Meet Pip, a tiny pirate with a big dream to find the hidden Treasure of Courage. He has a map and a ship, but he needs a brave friend like you to help him overcome his fears. Are you ready to join his crew and start the adventure?""
    },
    ""days"": [
        {
            ""day"": 1,
            ""title"": ""Counting the Cargo"",
            ""story"": ""Pip is at the docks trying to load twenty magical coconuts onto his ship, but he keeps losing track of the numbers. He is worried he won't have enough food for his big journey. Can you help him count from 1 to 20 so he can finally set sail?""
        },
        {
            ""day"": 2,
            ""title"": ""The Captain's Signature"",
            ""story"": ""To officially become the Captain of the Sea Sparkle, Pip needs to sign the Golden Ledger, but he is too nervous to write. He needs to see how a brave hero spells their name first. Can you spell your name out loud to show him how it is done?""
        },
        {
            ""day"": 3,
            ""title"": ""Friendly Jungle Faces"",
            ""story"": ""The ship has reached the Whispering Jungle, but Pip hears strange rustling sounds and feels a little scared. He needs to know which animals might be friendly before he steps off the boat. Can you name three animals to help him feel more prepared?""
        },
        {
            ""day"": 4,
            ""title"": ""Clearing the Way"",
            ""story"": ""Pip found a dusty old table in a sea cave that might be hiding a secret map, but it is covered in crumbs and sand. He is too overwhelmed to tidy up and find the hidden drawing. Can you help him find the courage to clean by helping clean the table at your house?""
        },
        {
            ""day"": 5,
            ""title"": ""The Lost Spyglass"",
            ""story"": ""Oh no, Pip has lost his lucky golden spyglass, and he can't see the path to the treasure without it! He is looking everywhere but feels like giving up his search. Can you help him stay brave by finding a missing toy in your own home?""
        },
        {
            ""day"": 6,
            ""title"": ""The Thirsty Path"",
            ""story"": ""To reach the final hill, Pip must pass the Thirsty Flowers, but they are wilting and blocking the path with their dry leaves. He wants to help them grow but isn't sure what to do. Can you show him how to be a helper by watering a plant today?""
        },
        {
            ""day"": 7,
            ""title"": ""The Song of the Chest"",
            ""story"": ""Pip is finally standing in front of the giant Treasure Chest of Courage, but the lock will only open for a brave, happy sound. He is feeling shy and needs a friend to start the music. Can you sing a short song to help the chest click open?""
        }
    ],
    ""outro"": {
        ""title"": ""The Hero\u2019s Reward"",
        ""story"": ""Because you were so brave and helpful, Pip finally opened the chest and found the Golden Compass of Courage! He learned that with a friend like you, he can face any challenge in the world. You are a true pirate hero, and Pip will always remember your kindness!""
    }
}",10.093138933181764,True,True,True,True,True,True,True,8,9.0,7.0,8.0,9.0,"The story follows a clear structure and effectively engages the child in the pirate's journey, but the theme of courage and friendship, while well-executed, is fairly generic and could be further developed for more uniqueness. To further enhance the story, consider adding more complex challenges for the child to help Pip overcome, which would not only increase the creativity score but also provide a more satisfying progression toward the final goal."
ae0f66cb-4a09-4339-8eb2-3c0ada3b21f7,model_3,model_1,v2,3,"{
    ""intro"": {
        ""title"": ""The Map to Courage"",
        ""story"": ""Little Pip is a pirate who feels a bit nervous about the big blue ocean. He has a map that leads to the legendary Crystal Compass hidden far away. Today, he decides to board his small ship, the Salty Snail, to find his bravery. Can you help Pip start his big journey today?""
    },
    ""days"": [
        {
            ""day"": 1,
            ""title"": ""Counting the Supplies"",
            ""story"": ""Pip stands on the deck and needs to check if he has enough supplies for the trip. He opens a large wooden crate filled with shiny gold crackers. He wants to make sure he has exactly twenty to last the first leg of the voyage. Will you help him by counting out loud from one to twenty?""
        },
        {
            ""day"": 2,
            ""title"": ""The Magic Gate"",
            ""story"": ""The ship reaches a magical island where a giant stone gate blocks the path forward. The gate has a sign that says the secret password is the name of a brave helper. Pip knows you are his best friend and wants to use your name to open the lock. Can you spell your name out loud to help Pip open the gate?""
        },
        {
            ""day"": 3,
            ""title"": ""Into the Jungle"",
            ""story"": ""Pip enters a thick jungle where strange rustling sounds are coming from the colorful bushes. He feels a little bit scared and wants to know which friendly creatures might be hiding there. He thinks knowing about animals will make him feel much more courageous. Please name three animals for Pip so he knows what to look for!""
        },
        {
            ""day"": 4,
            ""title"": ""A Clean Map"",
            ""story"": ""A sudden rainstorm leaves the captain's table covered in sticky sea salt and crumbs from lunch. Pip needs a clean space to spread out his treasure map and plan the next move. He cannot find the red X on the map because the table is so messy right now. Can you go help clean the table in your house so Pip can see his map?""
        },
        {
            ""day"": 5,
            ""title"": ""The Lost Telescope"",
            ""story"": ""Pip realizes his lucky telescope has fallen out of his pocket and is lost somewhere on the beach. He needs the telescope to spot the treasure island through the thick morning fog. He feels very sad and brave little pirates need their tools to succeed. Can you find a missing toy in your room and show it to Pip for luck?""
        },
        {
            ""day"": 6,
            ""title"": ""The Thirsty Tree"",
            ""story"": ""Pip finds a thirsty little palm tree growing on a tiny sandbar in the middle of the sea. The map says this tree will point the way if it grows one more green leaf. Pip needs to give it a drink so it can stay strong and show him the path. Will you help Pip by finding a plant nearby and giving it a little bit of water?""
        },
        {
            ""day"": 7,
            ""title"": ""The Dragon's Song"",
            ""story"": ""The final cave is guarded by a grumpy dragon who will only let happy pirates pass through. Pip is feeling a bit shy and needs a cheerful melody to help him walk inside. A brave song will surely make the dragon smile and step aside for the treasure seekers. Can you sing a short song to help Pip find his courage and enter the cave?""
        }
    ],
    ""outro"": {
        ""title"": ""The Crystal Compass"",
        ""story"": ""With your help, Pip finally reaches the golden chest and finds the Crystal Compass shining brightly. He realizes that he was never truly alone because you were there to help him every day. The compass glows because of the courage you shared during this long and exciting adventure. Now Pip is the bravest pirate on the sea, and he thanks you for being his best friend.""
    }
}",16.746655702590942,True,True,True,True,True,True,True,8,9.0,7.0,8.0,9.0,"The story has a clear structure and engaging storyline, but the creativity is somewhat limited by the repetitive 'can you help Pip' format. To improve, consider adding more unexpected twists and turns to the narrative."
75389b46-6a92-4157-89f0-3b9fbdfdbc93,model_3,model_1,v1,3,"{
    ""intro"": {
        ""title"": ""The Map in the Bottle"",
        ""story"": ""Little Pip the Pirate found a dusty map hidden inside a sparkling glass bottle on the beach. It shows the way to the Golden Compass of Courage, but Pip is a bit nervous about the big adventure ahead. He needs a brave friend like you to help him find his way.""
    },
    ""days"": [
        {
            ""day"": 1,
            ""title"": ""Loading the Ship"",
            ""story"": ""Pip needs to pack twenty heavy coconuts for the journey, but he keeps losing track and is worried he won't have enough food. He needs to make sure the ship is fully stocked before he can sail away. Can you help him count from 1 to 20?""
        },
        {
            ""day"": 2,
            ""title"": ""The Magic Logbook"",
            ""story"": ""To open the harbor gate, Pip must sign the secret logbook, but he is feeling too nervous to write his own name. He needs the name of a brave co-captain to unlock the magic lock. Can you spell your name for him?""
        },
        {
            ""day"": 3,
            ""title"": ""The Talking Parrots"",
            ""story"": ""Three colorful parrots are blocking the path to the jungle, and they will only let Pip pass if he identifies their animal friends. Pip is too shy to speak up to the loud, squawking birds. Can you name three animals to help him pass?""
        },
        {
            ""day"": 4,
            ""title"": ""A Sticky Situation"",
            ""story"": ""A giant octopus left sticky ink all over Pip's navigation table, making it impossible to see the treasure map. Pip's hands are too small to wipe away all the mess by himself before the sun goes down. Can you help clean the table so he can see the way?""
        },
        {
            ""day"": 5,
            ""title"": ""The Lost Key"",
            ""story"": ""The silver key to the treasure cave fell out of Pip's pocket and disappeared among the pebbles and sand. He is feeling very sad and worried that the mission is over because he can't find it. Can you find a missing toy to show Pip how to look for lost things?""
        },
        {
            ""day"": 6,
            ""title"": ""The Thirsty Jungle"",
            ""story"": ""The path to the mountain is blocked by dry, drooping vines that need a drink to grow tall and move out of the way. Pip has plenty of water, but he is afraid he might get the plants too wet. Can you water a plant to show him how it's done?""
        },
        {
            ""day"": 7,
            ""title"": ""The Sleepy Cave"",
            ""story"": ""A grumpy dragon is sleeping right in front of the treasure chest, and Pip needs a brave melody to soothe the beast. His voice is shaking with fear and he can't remember a single tune to whistle. Can you sing a short song to help Pip find his courage?""
        }
    ],
    ""outro"": {
        ""title"": ""The Treasure of Courage"",
        ""story"": ""With your help, Pip found the Golden Compass and discovered that his courage grew with every task you did together. You are a true hero who helped a little pirate become the bravest explorer on the seven seas! Your kindness and bravery made all the difference.""
    }
}",9.12531590461731,True,True,True,True,True,True,True,8,9.0,7.0,8.0,9.0,"The story excels in consistency and language, making it easy for children to follow and understand, but it could improve in creativity by introducing more unique challenges and plot twists, and the story's progression, while engaging, could build more tension toward the final goal."
a54e34f9-5f55-4bbc-8b44-91017f244936,model_3,model_1,v2,3,"{
    ""intro"": {
        ""title"": ""The Pirate's Quest Begins"",
        ""story"": ""Meet Leo, the bravest little pirate to ever sail the blue bathtub sea. He heard a whisper about a golden chest hidden far beyond the Misty Mountains. To find it, he needs a strong and clever first mate to help him. Are you ready to put on your captain's hat and start this grand adventure?""
    },
    ""days"": [
        {
            ""day"": 1,
            ""title"": ""The Counting Coconuts"",
            ""story"": ""Leo stands on the sandy beach looking at a tall pile of heavy coconuts. The map says the first clue is hidden underneath exactly twenty pieces of fruit. He is a bit nervous about counting such a big number all by himself. Can you help him feel brave by counting from one to twenty right now?""
        },
        {
            ""day"": 2,
            ""title"": ""The Riddle Gate"",
            ""story"": ""The pirate ship arrives at the Whispering Woods where the trees speak in riddles. A magical gate blocks the path and asks for the name of a true hero. Leo knows that your name has the power to open the wooden lock. Will you help us pass by clearly spelling out your name for the forest?""
        },
        {
            ""day"": 3,
            ""title"": ""Shadows in the Jungle"",
            ""story"": ""As the sun sets, three strange shadows appear near the edge of the jungle. Leo trembles because he does not know if these creatures are friends or foes. If we can identify them together, they might share the secret path to the cave. Can you name three animals to help Leo recognize who is hiding in the dark?""
        },
        {
            ""day"": 4,
            ""title"": ""A Tidy Deck"",
            ""story"": ""The journey is long and the pirate ship has become very messy from the wind. Leo needs a clean space to spread out his golden map and find the next star. A tidy ship is a brave ship, and he cannot do all the chores alone. Will you help the crew by going to clean the table in your house?""
        },
        {
            ""day"": 5,
            ""title"": ""The Lost Compass"",
            ""story"": ""Oh no, Leo has lost his favorite compass near the tall grass of Snake Island! Without his compass, he feels lost and scared that we will never find the treasure. He thinks practicing his searching skills with you will give him the courage to look. Can you find a missing toy in your room to show Leo how to search?""
        },
        {
            ""day"": 6,
            ""title"": ""The Thirsty Key"",
            ""story"": ""We have reached the Dry Desert where the flowers are thirsty and drooping low. The map says the treasure key will bloom from the center of a healthy plant. Leo wants to show kindness to nature to prove he is a good-hearted pirate. Please go find a plant to water so we can watch the key finally grow.""
        },
        {
            ""day"": 7,
            ""title"": ""The Song of the Cave"",
            ""story"": ""Finally, Leo stands before the Great Golden Door inside the deep mountain cave. The door is very heavy and will only open for a pirate who sings with joy. Leo is too shy to sing the magic melody without hearing a friend go first. Will you sing a short song out loud to help Leo find his musical voice?""
        }
    ],
    ""outro"": {
        ""title"": ""The Treasure is Found"",
        ""story"": ""The door swings wide and sparkles with the glow of a thousand gold coins. Leo finds the treasure chest and realizes his courage grew because of your help. You were the best first mate a pirate could ever ask for on this journey. Now we can share the gold and celebrate our brave adventure across the sea!""
    }
}",12.963096380233765,True,True,True,True,True,True,True,8,9.0,7.0,8.0,9.0,"The story generally follows a logical narrative, but some plot points feel a bit disconnected, and the blocker rule could be more clearly defined in some challenges. To improve, consider adding more distinct consequences for failure and clearer rules for each challenge to enhance the story's consistency and coherence."
1f3e4657-fd8b-439f-a35a-75af35ced7b7,model_3,model_1,v1,3,"{
    ""intro"": {
        ""title"": ""The Brave Little Pirate"",
        ""story"": ""Pip the Pirate wants to find the legendary Golden Compass on Sparkle Island to become the bravest captain at sea. He has his map, but the path is full of tricky challenges that he cannot solve without a smart crewmate. Will you help Pip find the treasure?""
    },
    ""days"": [
        {
            ""day"": 1,
            ""title"": ""The Number Lock"",
            ""story"": ""Pip reaches the Cave of Echoes, but the giant stone door is locked by a magic number code. He needs to hear the sequence of numbers to make the door swing open. Can you count from 1 to 20 to help him enter?""
        },
        {
            ""day"": 2,
            ""title"": ""The Name Bridge"",
            ""story"": ""Inside the cave, a magical bridge guard asks for the name of a brave hero before he will let Pip cross the deep canyon. Pip doesn't know what to say, but he knows your name is the bravest of all. Can you spell your name out loud for the guard?""
        },
        {
            ""day"": 3,
            ""title"": ""The Statue Gate"",
            ""story"": ""Pip enters the Jungle of Whispers, where three stone statues are blocking the narrow path. To move them, Pip must name three different creatures that live in the wild. Can you name three animals for Pip?""
        },
        {
            ""day"": 4,
            ""title"": ""The Messy Map"",
            ""story"": ""Pip finds an old map piece, but it is buried under sticky messes and crumbs on a giant stone slab. He needs a clear space to read the secret directions to the treasure. Can you help Pip by cleaning the table?""
        },
        {
            ""day"": 5,
            ""title"": ""The Lost Key"",
            ""story"": ""Pip reaches the Sandy Shore, but he realizes he has lost his lucky golden key in the tall grass. He is worried he won't be able to open the treasure chest without it. Can you help him by finding a missing toy?""
        },
        {
            ""day"": 6,
            ""title"": ""The Thirsty Flower"",
            ""story"": ""The path to the treasure is blocked by the wilting Flower of Courage, which needs a drink to bloom and move its leaves. Pip\u2019s canteen is empty, and he needs your help to revive the flower. Can you go water a plant?""
        },
        {
            ""day"": 7,
            ""title"": ""The Musical Chest"",
            ""story"": ""Pip finally stands before the Great Treasure Chest, but it requires a happy melody to click open. Pip is a little nervous to perform the final magic spell alone. Can you sing a short song to help the chest open?""
        }
    ],
    ""outro"": {
        ""title"": ""The Captain's Reward"",
        ""story"": ""With your help, Pip found the Golden Compass and discovered that his true courage came from having a friend like you. You were the perfect crewmate, and Pip is so proud of everything you did together. Sail on, brave hero!""
    }
}",9.667593479156494,True,True,True,True,True,True,True,8,9.0,6.0,7.0,9.0,"While the story follows a clear 7-day structure and has simple language suitable for children, it relies on somewhat generic 'help the hero' theme and lacks a strong narrative arc, with some challenges feeling disconnected from the overall goal of finding the Golden Compass."
623c88f8-5d4e-4a75-a1e2-36349d96dc4a,model_3,model_1,v2,3,"{
    ""intro"": {
        ""title"": ""A New Recruit"",
        ""story"": ""Little Pip the Pirate stands on the sandy beach with a big dream. He wants to find the legendary Golden Compass hidden far across the sea. The waves look very tall, and he feels a little bit nervous today. He needs a brave friend like you to help him start this journey.""
    },
    ""days"": [
        {
            ""day"": 1,
            ""title"": ""Setting Sail"",
            ""story"": ""Pip hops onto his small ship and checks his treasure map carefully. To sail through the first big waves, he must count the coins in his pocket. He is a bit confused and needs your help with the big numbers. Can you please help Pip by counting from 1 to 20 right now?""
        },
        {
            ""day"": 2,
            ""title"": ""The Secret Gate"",
            ""story"": ""The ship reaches the shore of a mysterious island with a giant stone gate. The gate will only open if a brave hero shares their special name. Pip tells the gate his name, but now it is your turn to speak. Can you help Pip open the gate by spelling your name out loud?""
        },
        {
            ""day"": 3,
            ""title"": ""Jungle Friends"",
            ""story"": ""Pip walks into the dark jungle and hears many strange and loud noises. He is worried about the creatures hiding behind the trees and large green leaves. You can show him that the animals are not scary by calling them out. Will you help Pip feel better by naming three different animals for him?""
        },
        {
            ""day"": 4,
            ""title"": ""Clearing the Path"",
            ""story"": ""Pip finds an ancient stone table where he must lay out his map. The table is covered in messy crumbs and old dirt from the jungle wind. He cannot see the secret path unless the surface is nice and clean. To help him see the map, can you please help clean the table?""
        },
        {
            ""day"": 5,
            ""title"": ""The Lost Charm"",
            ""story"": ""Suddenly, Pip realizes his favorite lucky charm has fallen out of his small pocket. He feels very sad and lost without his special toy to guide his way. He knows you are the best at finding things that have gone missing. Can you go find a missing toy in your house to show Pip?""
        },
        {
            ""day"": 6,
            ""title"": ""The Thirsty Flower"",
            ""story"": ""The duo arrives at a beautiful but wilting flower that blocks the cave. This magical plant needs a drink of water before it can move its petals. Pip wants to show kindness because helping others is what brave pirates do. Can you go and water a plant in your home to help Pip?""
        },
        {
            ""day"": 7,
            ""title"": ""The Musical Lock"",
            ""story"": ""Pip finally stands in front of the golden chest, but it is stuck. A magical lock requires a happy melody to release the treasure inside the box. Pip is a bit shy and needs your help to make a brave sound. Can you sing a short song to help Pip open the final treasure?""
        }
    ],
    ""outro"": {
        ""title"": ""The Golden Reward"",
        ""story"": ""The chest pops open with a bright flash of golden light and joy. Inside, Pip finds the Golden Compass and a medal for his bravest friend. You helped him find his courage and complete the most difficult pirate quest. You are now an official hero of the sea and Pip's best friend.""
    }
}",17.493850469589233,True,True,True,True,True,True,True,8,9.0,7.0,8.0,9.0,"The story follows a logical structure and is easy to follow, but the theme of a pirate finding a Golden Compass is not particularly unique. The story would benefit from more tension and challenge for the protagonist, as well as more descriptive language to paint a vivid picture in the reader's mind."
9e2d4335-8d54-4777-a458-6bb3c67a557b,model_1,model_3,v1,0,"{
    ""intro"": {
        ""title"": ""The Quest Begins"",
        ""story"": ""Captain Jack, a brave little pirate, is on a quest to find the legendary hidden treasure, with your help, he'll build the courage to overcome any obstacle, let's set sail!""
    },
    ""days"": [
        {
            ""day"": 1,
            ""title"": ""The Brave Little Pirate Sets Sail"",
            ""story"": ""Captain Jack, a brave little pirate, sets sail to find the hidden treasure, but first, he needs to count the 20 steps to the treasure map, can you help him count from 1 to 20?""
        },
        {
            ""day"": 2,
            ""title"": ""The Mysterious Island"",
            ""story"": ""Captain Jack arrives on a mysterious island and finds a chest with a locked name tag, to open it, he needs to spell his name, can you help him spell your name?""
        },
        {
            ""day"": 3,
            ""title"": ""The Jungle Adventure"",
            ""story"": ""As Captain Jack ventures into the jungle, he meets three friendly animals who can help him, but he needs to name them, can you help him name three animals?""
        },
        {
            ""day"": 4,
            ""title"": ""The Messy Tavern"",
            ""story"": ""After a long day, Captain Jack stops at a tavern, but the table is messy and he can't find the next clue, can you help him clean the table?""
        },
        {
            ""day"": 5,
            ""title"": ""The Lost Toy"",
            ""story"": ""Captain Jack's trusty compass is missing, and he needs it to navigate, can you help him find the missing toy?""
        },
        {
            ""day"": 6,
            ""title"": ""The Dying Plant"",
            ""story"": ""As Captain Jack reaches the garden of the treasure, he finds a dying plant that needs water to blooming, revealing the next clue, can you help him water the plant?""
        },
        {
            ""day"": 7,
            ""title"": ""The Treasure Song"",
            ""story"": ""Finally, Captain Jack reaches the treasure, but it's locked with a musical lock, to open it, he needs to sing a short song, can you help him sing a short song?""
        }
    ],
    ""outro"": {
        ""title"": ""The Treasure Found"",
        ""story"": ""Thanks to your help, Captain Jack found the treasure and became the bravest pirate ever, congratulations, you made it happen!""
    }
}",1.8346426486969,True,True,True,True,True,True,True,6,10.0,4.0,5.0,7.0,"The blockers frequently shift from pirate adventures to mundane domestic chores like cleaning and gardening, which feels disconnected from the seafaring theme. While the calls to action are clear and interactive, the sudden reference to the compass as a 'toy' undermines the narrative consistency of the quest."
27b259fa-ec86-4403-9484-029c955ee707,model_1,model_3,v1,1,"{
    ""intro"": {
        ""title"": ""The Brave Little Pirate"",
        ""story"": ""In a faraway land, a brave little pirate named Captain Littlebeard set sail on a journey to find a hidden treasure. He was determined to build his courage and overcome any obstacles that came his way.""
    },
    ""days"": [
        {
            ""day"": 1,
            ""title"": ""Day 1: Pirate's Counting Adventure"",
            ""story"": ""Captain Littlebeard, a brave little pirate, set sail to find a hidden treasure. To navigate through the sea, he needed to count the 20 stones on the map, but he got stuck at 10. Can you help him count from 1 to 20?""
        },
        {
            ""day"": 2,
            ""title"": ""Day 2: The Mysterious Island"",
            ""story"": ""Captain Littlebeard arrived at a mysterious island, where he met a friendly parrot who asked him to spell his name to unlock a secret door. However, the captain forgot how to spell 'Littlebeard'. Can you spell your name to help him?""
        },
        {
            ""day"": 3,
            ""title"": ""Day 3: Animal Friends"",
            ""story"": ""The parrot told Captain Littlebeard that he needed to name three animals that live on the island to get the next clue. But the captain could only think of two: a cat and a dog. Can you name three animals to help him?""
        },
        {
            ""day"": 4,
            ""title"": ""Day 4: Cleaning Up"",
            ""story"": ""Captain Littlebeard and the parrot went to a pirate's tavern, where they found a messy table with treasure maps and compasses. To get a crucial map, they needed to clean the table, but it was too dirty. Can you help clean the table?""
        },
        {
            ""day"": 5,
            ""title"": ""Day 5: The Missing Toy"",
            ""story"": ""The parrot's favorite toy, a small compass, went missing, and Captain Littlebeard needed it to navigate. They searched everywhere, but it was nowhere to be found. Can you help find the missing toy?""
        },
        {
            ""day"": 6,
            ""title"": ""Day 6: Watering the Plant"",
            ""story"": ""The captain and the parrot found a magical plant that would bloom and reveal the treasure's location, but it was too dry. They needed to water it, but the watering can was too heavy. Can you help water the plant?""
        },
        {
            ""day"": 7,
            ""title"": ""Day 7: Singing for Treasure"",
            ""story"": ""Finally, Captain Littlebeard arrived at the treasure's location, but it was locked in a chest that would only open if he sang a short song. However, the captain had a sore throat and couldn't sing. Can you sing a short song to help him?""
        }
    ],
    ""outro"": {
        ""title"": ""Treasure Found!"",
        ""story"": ""With your help, Captain Littlebeard successfully overcame all the challenges and found the treasure! You helped him build his courage, and now he's known as the bravest pirate in the land. Thank you for joining him on this magical adventure!""
    }
}",2.3683199882507324,True,True,True,True,True,True,True,7,9.0,4.0,6.0,9.0,"The story consistently applies the blocker and call to action rules, ensuring every day requires the child's participation to advance. However, the tasks are quite generic and the jump from a tavern to a magical plant lacks narrative flow."
3e0ad534-733a-4ea2-bfc3-955dfc094dc8,model_1,model_3,v2,0,"{
    ""intro"": {
        ""title"": ""The Brave Little Pirate"",
        ""story"": ""A brave little pirate set sail on a journey to find a hidden treasure, knowing it wouldn't be easy, but with courage and help from friends, anything is possible. The pirate packed a bag with snacks and a map. The sun was shining bright, and the sea was calm. What do you think the pirate will find on this adventure?""
    },
    ""days"": [
        {
            ""day"": 1,
            ""title"": ""The Journey Begins"",
            ""story"": ""A brave little pirate set sail to find a hidden treasure, but first, the pirate needed to count the steps to the dock, can you help by counting from 1 to 20? The little pirate was so excited to start the adventure. The sun was shining bright, and the sea was calm. What's the last number you counted?""
        },
        {
            ""day"": 2,
            ""title"": ""Meeting a Friend"",
            ""story"": ""As the pirate sailed, a friendly seagull joined the ship, but the seagull wanted to know the pirate's name, can you spell your name to introduce yourself? The pirate smiled and waited for your response. The seagull was very curious and friendly. What's the last letter of your name?""
        },
        {
            ""day"": 3,
            ""title"": ""Island of Animals"",
            ""story"": ""The pirate arrived at an island filled with animals, and a kind parrot asked the pirate to name three animals, can you help the pirate by naming three animals? The pirate looked around and saw many creatures. The parrot was eager to hear your answer. What's the third animal you thought of?""
        },
        {
            ""day"": 4,
            ""title"": ""Cleaning the Ship"",
            ""story"": ""After a long day, the pirate's ship was messy, and a wise old owl suggested cleaning the table, can you help the pirate by pretending to clean the table? The pirate grabbed a sponge and waited for your instructions. The owl watched carefully to see how clean the table would be. What's the first thing you would clean?""
        },
        {
            ""day"": 5,
            ""title"": ""The Missing Treasure Map"",
            ""story"": ""The pirate realized the treasure map was missing, and a clever crab asked for help finding it, can you help the pirate by finding a missing toy in your room? The pirate searched everywhere but needed your help. The crab was very good at hiding things. What's the first place you would look?""
        },
        {
            ""day"": 6,
            ""title"": ""The Magical Garden"",
            ""story"": ""The pirate found a magical garden that needed watering, and a gentle fairy asked for help, can you help the pirate by watering a plant? The pirate poured water into a bucket and waited for your guidance. The fairy waved a wand to make the plants grow. How much water do you think the plant needs?""
        },
        {
            ""day"": 7,
            ""title"": ""The Treasure Song"",
            ""story"": ""The pirate finally reached the treasure, but it was locked, and a merry mermaid said the key would appear if the pirate sang a short song, can you help the pirate by singing a short song? The pirate cleared their throat and waited for your voice. The mermaid swam around excitedly. What's the last note you would sing?""
        }
    ],
    ""outro"": {
        ""title"": ""The Treasure Found"",
        ""story"": ""The pirate sang the song, and the key appeared, unlocking the treasure chest filled with gold coins and precious jewels, and the pirate thanked all the friends, including you, for helping achieve the goal. The pirate sailed back home, filled with joy and a sense of accomplishment. The friends all cheered and celebrated the pirate's bravery. You helped the pirate build courage and find the treasure, great job!""
    }
}",3.051074981689453,True,True,True,True,True,True,True,6,10.0,4.0,5.0,9.0,"While the calls to action are interactive, chores like cleaning and gardening serve as narrative blockers that feel disconnected from the primary goal of finding treasure. The progression is hindered by these unrelated tasks, making the pirate's journey feel more like a series of random errands than a focused adventure."
79cf7a9a-9df5-44f4-8811-cbaad8934b1e,model_1,model_3,v2,1,"{
    ""intro"": {
        ""title"": ""The Brave Little Pirate's Journey Begins"",
        ""story"": ""In a small village by the sea, a brave little pirate named Jack set out on an adventure to find a hidden treasure. He had heard tales of the treasure's location, but the path was treacherous and required courage and determination. Jack was determined to find the treasure and prove himself as a true pirate. He packed his bags, said goodbye to his family, and set sail on his journey, but he needed the help of a trusty companion, and that's where you come in.""
    },
    ""days"": [
        {
            ""day"": 1,
            ""title"": ""The First Challenge"",
            ""story"": ""As Jack sailed across the seas, he encountered his first challenge: a maze of islands that required him to count the number of islands to find the correct path. He needed to count from 1 to 20 to ensure he didn't get lost. Can you help Jack count the islands by counting from 1 to 20 with him? Jack's fate relies on your help, so please count with him.""
        },
        {
            ""day"": 2,
            ""title"": ""The Mysterious Map"",
            ""story"": ""On the second day of his journey, Jack stumbled upon an old, mysterious map that supposedly led to the treasure. However, the map was cryptic and required Jack to spell out his name to unlock the first clue. Can you help Jack spell out his name, which is Jack, to unlock the map's secrets? Your help will bring him one step closer to the treasure.""
        },
        {
            ""day"": 3,
            ""title"": ""The Animal Friends"",
            ""story"": ""As Jack continued his journey, he met three friendly animals who offered to help him in exchange for learning about their friends. Jack needed to name three animals to prove his knowledge and gain their trust. Can you help Jack name three animals, such as a dog, cat, and bird, to win over his new friends? Their help will be invaluable in the days to come.""
        },
        {
            ""day"": 4,
            ""title"": ""The Messy Tavern"",
            ""story"": ""On the fourth day, Jack stopped at a bustling tavern to gather information about the treasure's location. However, the tavern was messy, and the patrons were too busy to talk. Jack needed help cleaning the table to earn their respect and get the information he needed. Can you help Jack clean the table by picking up the dirty dishes and wiping it down? A clean table might just lead to a valuable clue.""
        },
        {
            ""day"": 5,
            ""title"": ""The Lost Toy"",
            ""story"": ""As Jack was about to leave the tavern, a child approached him and asked for help finding a missing toy. The child was too sad to talk to the pirate, and Jack wanted to help. He needed to find the missing toy to cheer up the child and possibly gain a new lead on the treasure. Can you help Jack find the missing toy by searching the tavern and asking the patrons if they've seen it? A happy child might just give Jack a crucial hint.""
        },
        {
            ""day"": 6,
            ""title"": ""The Withered Plant"",
            ""story"": ""On the sixth day, Jack arrived at a beautiful garden filled with exotic plants, but one plant caught his eye - a withered, dying plant that needed care. The garden's owner told Jack that the plant held a secret to the treasure's location, but it needed to be watered to bloom. Can you help Jack water the plant by pouring water from the nearby jug? A blooming plant might just reveal a hidden message.""
        },
        {
            ""day"": 7,
            ""title"": ""The Final Clue"",
            ""story"": ""As Jack watered the plant, it began to bloom, revealing a hidden message that required him to sing a short song to unlock the treasure's location. Jack needed to sing the song to unlock the final clue, but he was too nervous. Can you help Jack sing a short song, like 'Twinkle, Twinkle, Little Star', to unlock the treasure's location? Your voice will be the key to unlocking the treasure's secrets.""
        }
    ],
    ""outro"": {
        ""title"": ""The Treasure Found"",
        ""story"": ""With the final clue unlocked, Jack followed the map to the treasure's location and found a chest filled with gold and jewels. He realized that the journey was just as important as the treasure, and he couldn't have done it without your help. Jack returned home a hero, with a newfound sense of courage and determination. He thanked you for your help and promised to always remember the bravery and companionship you shared on their epic adventure.""
    }
}",18.13195490837097,True,True,True,True,True,True,True,6,10.0,3.0,5.0,9.0,"The story provides distinct blockers each day, but the tasks like cleaning a table or watering plants feel like disjointed chores rather than an epic pirate quest. While the calls to action are clear and child-friendly, they lack the thematic progression needed to build genuine tension toward the finale."
5cbaf99c-45b2-45a4-b06f-d7617cc4c393,model_3,model_1,v1,0,"{
    ""intro"": {
        ""title"": ""Setting Sail"",
        ""story"": ""Pip is a tiny pirate with a big heart, but he sometimes feels a little bit shy. Today, he is setting sail on the Sea Sparkle to find the legendary Golden Shell of Courage. He has his ship and his hat, but he needs a brave friend like you to help him on his journey!""
    },
    ""days"": [
        {
            ""day"": 1,
            ""title"": ""The Locked Chest"",
            ""story"": ""Pip finds a heavy iron chest buried in the sand, but the combination lock is stuck. He needs to hear the magic numbers to make the gears turn and reveal the map. Can you count from 1 to 20 to help Pip open the chest?""
        },
        {
            ""day"": 2,
            ""title"": ""The Secret Signature"",
            ""story"": ""The map is blank until a brave explorer signs their name at the bottom. Pip is too nervous to write his own name, so he needs his co-captain to step forward. Can you spell your name out loud so the map reveals the path?""
        },
        {
            ""day"": 3,
            ""title"": ""The Parrot's Bridge"",
            ""story"": ""A giant, colorful parrot blocks the bridge to the jungle and won't let anyone pass without a chat. It wants to know about the other creatures that live in your world. Can you name three animals to show the parrot we are friends?""
        },
        {
            ""day"": 4,
            ""title"": ""Clearing the Deck"",
            ""story"": ""A giant storm left the ship's deck messy, and Pip is worried he might trip while steering the wheel. He needs a clean space to feel brave enough to sail through the waves. Can you help clean the table to make the ship safe again?""
        },
        {
            ""day"": 5,
            ""title"": ""The Missing Compass"",
            ""story"": ""Pip lost his lucky golden compass in the tall grass, and he feels lost and scared without it. He thinks it might be hiding near your toys. Can you find a missing toy to help Pip find his way back to the trail?""
        },
        {
            ""day"": 6,
            ""title"": ""The Thirsty Tree"",
            ""story"": ""We reached the Island of Thirst, but the Magic Tree that holds the treasure key is wilting in the sun. If the tree doesn't get a drink soon, it won't be able to drop the key. Can you water a plant to help the Magic Tree grow strong?""
        },
        {
            ""day"": 7,
            ""title"": ""The Musical Door"",
            ""story"": ""Pip is standing at the entrance of the treasure cave, but a heavy stone door will only open to a happy melody. Pip\u2019s voice is shaking with excitement, and he needs your help to make the music. Can you sing a short song to open the cave?""
        }
    ],
    ""outro"": {
        ""title"": ""The Treasure of Courage"",
        ""story"": ""With your help, Pip found the Golden Shell and discovered that he had been brave all along! You were the best co-captain a pirate could ask for, and your kindness made this adventure possible. Keep being brave and helpful, little explorer!""
    }
}",22.10825634002685,True,True,True,True,True,True,True,8,9.0,7.0,8.0,9.0,"The story follows a clear structure, but the use of generic pirate themes and lack of unique plot twists prevent it from scoring higher on creativity. To improve, consider adding more unexpected challenges and character developments to keep the story engaging."
7ab0a859-dba8-4316-9f08-bbe03ff63373,model_3,model_1,v1,1,"{
    ""intro"": {
        ""title"": ""The Brave Little Pirate"",
        ""story"": ""Pip is a tiny pirate with a big dream to find the lost Crystal Compass hidden on Mystery Island. He has his hat and his boots, but he needs a brave friend to help him find his courage. Are you ready to start the adventure?""
    },
    ""days"": [
        {
            ""day"": 1,
            ""title"": ""The Counting Cave"",
            ""story"": ""Pip reaches the Cave of Echoes, but the entrance is blocked by twenty magical glowing stones. He needs to touch each one in the right order to enter, but he keeps losing track of the numbers. Can you help him by counting clearly from 1 to 20?""
        },
        {
            ""day"": 2,
            ""title"": ""The Parrot's Password"",
            ""story"": ""Beyond the cave, a colorful parrot guards the jungle bridge and demands a secret password to let Pip pass. The parrot says the magic word is the name of a brave hero\u2014your name! Can you help Pip by spelling your name out loud?""
        },
        {
            ""day"": 3,
            ""title"": ""The Sleeping Ferry"",
            ""story"": ""Pip finds a wide river, but the giant stone turtle ferry is fast asleep and won't wake up. It only opens its eyes when it hears about other wonderful creatures from far away. Can you name three different animals to wake the turtle up?""
        },
        {
            ""day"": 4,
            ""title"": ""The Messy Map"",
            ""story"": ""Pip's treasure map is covered in sticky sea-slime, and he needs a clean, flat space to wipe it off. He can't see the path to the mountains while his workspace is so messy. Will you help Pip by helping to clean the table at your house?""
        },
        {
            ""day"": 5,
            ""title"": ""The Lost Key"",
            ""story"": ""Pip finally reaches the Whispering Woods, but he realizes he dropped his lucky golden key somewhere in the tall grass. He feels worried because he can't unlock the treasure without it. To show him how to be a great seeker, can you find a missing toy in your room?""
        },
        {
            ""day"": 6,
            ""title"": ""The Thirsty Vine"",
            ""story"": ""To reach the mountain peak, Pip must climb a giant vine, but the leaves are wilting and dry in the hot sun. If the vine doesn't get a drink, it will be too weak for a pirate to climb. Can you help the vine grow strong by watering a plant?""
        },
        {
            ""day"": 7,
            ""title"": ""The Song of Courage"",
            ""story"": ""Pip is standing in front of the final treasure door, but it is very dark and he feels his courage fading. The door only opens for a brave soul who shares a happy, magical melody. Can you sing a short song to give Pip the strength to go inside?""
        }
    ],
    ""outro"": {
        ""title"": ""The Greatest Treasure"",
        ""story"": ""Thanks to your help, Pip found the Crystal Compass and realized that his true treasure was the courage you helped him find. You were the best first mate in the world, and together you have conquered the high seas. Sweet dreams, brave captain!""
    }
}",9.407043695449827,True,True,True,True,True,True,True,8,9.0,7.0,8.0,9.0,"This story excels in its interactive nature and suitability for children, but it could improve by adding more complexity to the plot to raise the creativity score. To further enhance the story, consider introducing more unexpected challenges for Pip to overcome, while maintaining the simplicity and engagement that makes it accessible to young readers."
7ee32ecf-f995-46ce-9d9e-5a00b8907bcc,model_3,model_1,v2,0,"{
    ""intro"": {
        ""title"": ""The Pirate's Map"",
        ""story"": ""Little Pirate Pip stood on the sandy shore with a very old, tattered map in her hand. She was nervous about the big blue ocean, but she knew a secret treasure was waiting for her. Her tiny ship, the Salty Snail, was ready to sail into the unknown. Will you join Pip on this grand adventure to help her find her courage?""
    },
    ""days"": [
        {
            ""day"": 1,
            ""title"": ""Loading the Ship"",
            ""story"": ""The journey began with a pile of heavy supply crates that needed to be loaded onto the deck. Pip felt overwhelmed by all the boxes and did not know how many she had left. She needs your help to keep track of the cargo so she can start sailing safely. Please help Pip by counting out loud from one to twenty right now!""
        },
        {
            ""day"": 2,
            ""title"": ""Through the Fog"",
            ""story"": ""As the ship sailed further, a thick mist covered the sea and Pip lost her way. The ship\u2019s magical logbook will only show the path if it knows who the brave helper is. Pip cannot write the entry herself because the enchanted ink is very picky. Can you help clear the fog by spelling your name out loud for the logbook?""
        },
        {
            ""day"": 3,
            ""title"": ""Friendly Sea Creatures"",
            ""story"": ""Suddenly, the water began to bubble and splash with many curious sea creatures surrounding the boat. Pip felt a little scared of the strange shapes moving beneath the waves. She needs to know which friendly ocean friends are visiting her ship today. Will you help her feel brave by naming three of your favorite animals?""
        },
        {
            ""day"": 4,
            ""title"": ""The Stormy Mess"",
            ""story"": ""A giant storm tossed the Salty Snail around, leaving the captain's quarters in a big mess. Pip was worried about finding her map under all the spilled crackers and cups. The ship must be tidy before they can see the stars and navigate the waves. Can you help the crew by going to clean the table in your house?""
        },
        {
            ""day"": 5,
            ""title"": ""The Lost Compass"",
            ""story"": ""Pip reached a mysterious island, but she realized her lucky gold compass was gone. Without her compass, she cannot find the path through the dark jungle. She thinks a sneaky crab might have hidden a treasure nearby to test her. Please help Pip practice her searching skills by finding a missing toy in your room!""
        },
        {
            ""day"": 6,
            ""title"": ""The Thirsty Gatekeeper"",
            ""story"": ""Deep in the island jungle, Pip found a magical flower that guards the final cave. The flower was drooping and thirsty, and it refused to let anyone pass through. To show her kindness and courage, Pip must nourish the nature around her. Will you help her open the path by finding a plant and giving it some water?""
        },
        {
            ""day"": 7,
            ""title"": ""The Musical Cave"",
            ""story"": ""At the mouth of the cave, a large stone door stood still with a musical lock. Pip felt her heart racing, but she remembered that a brave pirate always finds a way. The door will only open if it hears a happy tune echoing through the walls. Can you help Pip unlock the treasure by singing a short song for her?""
        }
    ],
    ""outro"": {
        ""title"": ""The Greatest Treasure"",
        ""story"": ""The stone door creaked open to reveal a chest filled with gold and shining jewels. Pip realized that the real treasure was the courage she found with your help. You were the bravest partner she could ever have on this long journey. Thank you for being a hero and helping Pip become a legendary pirate today!""
    }
}",12.633708715438845,True,True,True,True,True,True,True,9,10.0,8.0,9.0,9.0,"The story effectively follows the 7-day structure and character rules, with a clear narrative and engaging interactive elements. To further improve, consider adding more complexity to the plot twists and character development, while maintaining the simplicity of language suitable for a child."
55e3fcd4-97f2-4623-9258-d786fa8da1ed,model_3,model_1,v2,1,"{
    ""intro"": {
        ""title"": ""The Pirate's Dream"",
        ""story"": ""Captain Pip is a tiny pirate with a big dream of finding the Golden Star. He has a sturdy ship called the Salty Shell, but he feels a little nervous about the deep ocean. His map shows the treasure is hidden far away on the mysterious Crystal Island. He needs a brave friend like you to help him find his courage and the gold.""
    },
    ""days"": [
        {
            ""day"": 1,
            ""title"": ""Loading the Cargo"",
            ""story"": ""Before we set sail, Captain Pip needs to make sure all the supplies are on board. He has several heavy barrels of apples and stacks of soft blankets to load. He is worried he might forget something, so he needs you to double-check the cargo list. Please help Pip feel ready by counting from 1 to 20 very carefully.""
        },
        {
            ""day"": 2,
            ""title"": ""The Misty Path"",
            ""story"": ""The ship is finally moving, but a thick fog has covered the entire sea. Captain Pip cannot see where he is going and needs to sign his name in the log to claim the path. He says that spelling your name out loud gives a sailor the power to see through the mist. Can you help him clear the fog by spelling your name slowly and clearly?""
        },
        {
            ""day"": 3,
            ""title"": ""Friendly Sea Creatures"",
            ""story"": ""Suddenly, some friendly sea creatures pop their heads out of the sparkling blue water. Captain Pip is a bit shy and does not know what to call his new ocean friends. He thinks if he knows who they are, he will not be scared of the splashing waves. Can you tell Captain Pip the names of three different animals you know?""
        },
        {
            ""day"": 4,
            ""title"": ""The Messy Deck"",
            ""story"": ""A big storm passed by and left the ship\u2019s deck covered in messy seaweed and shells. Captain Pip knows that a brave pirate must keep his surroundings tidy to stay safe. He needs to prepare the map table for the next part of the long journey. Will you show him how to be helpful by cleaning the table at your house?""
        },
        {
            ""day"": 5,
            ""title"": ""The Missing Compass"",
            ""story"": ""Oh no, the wind blew Captain Pip's favorite lucky compass into a dark corner of the cabin! He is afraid of the shadows and needs someone to help him find his way. Searching for lost things is a great way to show how brave and clever you are. Can you go find a missing toy in your room and bring it back?""
        },
        {
            ""day"": 6,
            ""title"": ""The Thirsty Island"",
            ""story"": ""The ship has reached the edge of Crystal Island, where strange tropical flowers grow. The flowers look very thirsty and Captain Pip wants to help them grow tall. He believes that caring for living things is the truest sign of a brave heart. Please help the island stay beautiful by going to water a plant for him.""
        },
        {
            ""day"": 7,
            ""title"": ""The Magic Cave"",
            ""story"": ""Captain Pip is standing right in front of the cave where the Golden Star is hidden. The cave entrance is locked by a magic door that only opens to a happy sound. He is trembling a little bit and needs your voice to give him the final push. Can you help him open the cave by singing a short song as loud as you can?""
        }
    ],
    ""outro"": {
        ""title"": ""The Golden Reward"",
        ""story"": ""The magic door swung open and revealed the glowing Golden Star sitting on a pedestal. Captain Pip smiled wide because he finally found his courage with your wonderful help. You proved that being brave means trying your best and helping your friends every day. The little pirate is now a hero, and he shares the treasure with you!""
    }
}",11.80668330192566,True,True,True,True,True,True,True,8,9.0,7.0,8.0,9.0,"The story has a clear structure and engaging activities for children, but the theme of a pirate finding a Golden Star is somewhat generic. To improve, consider adding more unexpected twists to the plot and character development."
060c6f8a-1ac2-4a45-94d0-29c2f918c081,model_1,model_3,v1,0,"{
    ""intro"": {
        ""title"": ""The Brave Little Pirate's Adventure"",
        ""story"": ""In a faraway land, a brave little pirate named Timmy set out to find a hidden treasure. He had a map, but it was encrypted, and he needed help to decipher it. His mission was to find the treasure by solving the clues on the map, and he knew that with courage and the help of a friend, he could do it.""
    },
    ""days"": [
        {
            ""day"": 1,
            ""title"": ""Counting the Way"",
            ""story"": ""Timmy encountered a bridge with 20 steps, but the sign said he had to count from 1 to 20 to cross it. He started counting, but got stuck in the middle - can you help him count from 1 to 20 to find the courage to cross the bridge?""
        },
        {
            ""day"": 2,
            ""title"": ""Signing the Map"",
            ""story"": ""Timmy needed to sign his name on the map to unlock the next clue, but he forgot how to spell it. He tried a few times, but it didn't look right - can you help him spell his name to unlock the map?""
        },
        {
            ""day"": 3,
            ""title"": ""Animal Friends"",
            ""story"": ""Timmy met three animal friends - a parrot, a monkey, and a lion - who could help him on his journey, but he couldn't remember their names. He needed to name them to get their help - can you help him name the three animals?""
        },
        {
            ""day"": 4,
            ""title"": ""Cleaning the Table"",
            ""story"": ""Timmy arrived at a pirate tavern, where he found a treasure map on a dirty table. He needed to clean the table to read the map, but it was too messy - can you help him clean the table to find the next clue?""
        },
        {
            ""day"": 5,
            ""title"": ""Finding the Toy"",
            ""story"": ""Timmy's trusty compass was hidden with a missing toy, and he needed to find it to navigate through the forest. He looked everywhere, but couldn't find it - can you help him find the missing toy to get his compass back?""
        },
        {
            ""day"": 6,
            ""title"": ""Watering the Plant"",
            ""story"": ""Timmy encountered a magical plant that would give him a hint about the treasure, but it was wilting and needed water. He tried to pour water, but the can was too heavy - can you help him water the plant to get the hint?""
        },
        {
            ""day"": 7,
            ""title"": ""Singing the Song"",
            ""story"": ""Timmy had to sing a short song to unlock the treasure chest, but he was too shy and forgot the words. He tried to sing, but it didn't sound right - can you help him sing a short song to open the treasure chest?""
        }
    ],
    ""outro"": {
        ""title"": ""The Treasure Found"",
        ""story"": ""With your help, Timmy found the hidden treasure and became the bravest pirate ever! He thanked you for your help and said that he couldn't have done it without you. Congratulations, you helped Timmy build his courage and find the treasure!""
    }
}",4.613254070281982,True,True,True,True,True,True,True,6,9.0,4.0,5.0,9.0,"The story effectively uses clear blockers and direct calls to action to engage the child in every step of the journey. However, the tasks often feel more like disconnected chores rather than a cohesive progression toward deciphering an 'encrypted map.'"
766bd600-4be0-4f4f-9aaf-e1699fcc20dc,model_1,model_3,v1,1,"{
    ""intro"": {
        ""title"": ""The Brave Little Pirate"",
        ""story"": ""In a faraway land, a brave little pirate named Timmy set out on a journey to find a hidden treasure, but first, he needed to overcome his fears and build his courage, can you help him on his adventure?""
    },
    ""days"": [
        {
            ""day"": 1,
            ""title"": ""Counting the Treasure Map"",
            ""story"": ""Timmy found an old treasure map with numbers on it, but he couldn't decipher the code because he got stuck counting from 1 to 20, can you help him count correctly so he can unlock the next clue?""
        },
        {
            ""day"": 2,
            ""title"": ""Signing the Pirate's Log"",
            ""story"": ""Timmy needed to sign his pirate's log, but he forgot how to spell his name, can you help him spell it out so he can continue his journey?""
        },
        {
            ""day"": 3,
            ""title"": ""Identifying the Jungle Creatures"",
            ""story"": ""As Timmy sailed through the jungle, he encountered many animals, but he couldn't remember the names of three animals he saw, can you help him name them so he can navigate through the jungle safely?""
        },
        {
            ""day"": 4,
            ""title"": ""Cleaning the Pirate's Table"",
            ""story"": ""Timmy's pirate table was messy and he needed to clean it, but he didn't know where to start, can you help him clean the table so he can have a clear surface to work on?""
        },
        {
            ""day"": 5,
            ""title"": ""Finding the Missing Compass"",
            ""story"": ""Timmy's compass went missing and he couldn't navigate without it, can you help him find the missing toy so he can continue his search for the treasure?""
        },
        {
            ""day"": 6,
            ""title"": ""Watering the Magic Plant"",
            ""story"": ""Timmy found a magic plant that would give him a hint about the treasure, but it needed water to grow, can you help him water the plant so it can bloom and give him the clue?""
        },
        {
            ""day"": 7,
            ""title"": ""Singing the Pirate's Song"",
            ""story"": ""Timmy needed to sing a short song to unlock the treasure chest, but he was too shy to sing, can you help him sing a short song so he can finally find the treasure?""
        }
    ],
    ""outro"": {
        ""title"": ""The Treasure Found"",
        ""story"": ""With your help, Timmy was able to overcome his fears and find the hidden treasure, and he thanked you for being a brave helper, congratulations on a successful adventure!""
    }
}",4.0573601722717285,True,True,True,True,True,True,True,5,6.0,3.0,4.0,7.0,"The story effectively utilizes consistent blockers and clear calls to action to engage the reader in problem-solving. However, the immersion is broken by mundane tasks like cleaning a table and a logical slip on Day 5 where a compass is suddenly referred to as a 'toy.'"
4810d49e-4b3f-4ec7-9efc-b6b24ab6f6ce,model_1,model_3,v2,0,"{
    ""intro"": {
        ""title"": ""The Brave Little Pirate"",
        ""story"": ""In a small village, there lived a brave little pirate named Jack who had a big dream of finding a hidden treasure. The treasure was said to be buried on a mysterious island, and many pirates before Jack had attempted to find it but failed. Jack was determined to succeed, but he knew he needed to be brave and clever to overcome the challenges that lay ahead. He set sail on his ship, ready to face whatever dangers awaited him, and invited you to join him on his adventure.""
    },
    ""days"": [
        {
            ""day"": 1,
            ""title"": ""Setting Sail"",
            ""story"": ""As we set sail, the wind was strong, and the sea was rough, but Jack was not afraid. He stood at the helm, steering the ship through the waves, and asked for your help to count the seconds until we reached the island. Can you count with me from 1 to 20 to help us navigate through the stormy sea? Jack smiled, knowing that with your help, we could overcome any obstacle and find the treasure.""
        },
        {
            ""day"": 2,
            ""title"": ""Meeting the Parrot"",
            ""story"": ""On the second day, a colorful parrot landed on our ship, and Jack was delighted to have a new friend. The parrot could talk and wanted to learn Jack's name, but Jack said he needed your help to spell it out. Can you spell your name to help the parrot learn Jack's name too? The parrot repeated the letters, and Jack was happy to have such a clever companion on our quest for the treasure.""
        },
        {
            ""day"": 3,
            ""title"": ""Encountering Sea Creatures"",
            ""story"": ""As we sailed deeper into the ocean, we encountered many fascinating sea creatures, including dolphins and whales. Jack was amazed by their beauty and asked for your help to name three animals that lived on land. Can you tell me three animals that you know, to help Jack and the parrot learn more about the world? Jack and the parrot listened carefully, and soon we had a long list of animals that we wanted to learn more about.""
        },
        {
            ""day"": 4,
            ""title"": ""Cleaning the Ship"",
            ""story"": ""After a long day of sailing, our ship was messy, and Jack needed your help to clean it up. He asked you to help him wipe down the tables and sweep the floor, so we could have a tidy ship to live on. Can you help us clean the table where we eat our meals, so we can have a nice dinner tonight? With your help, the ship was spotless, and Jack was grateful for your assistance.""
        },
        {
            ""day"": 5,
            ""title"": ""The Missing Treasure Map"",
            ""story"": ""Disaster struck when Jack realized that he had lost the treasure map, which was the only clue to the location of the hidden treasure. He searched everywhere, but it was nowhere to be found, and he needed your help to find it. Can you help us search the ship and find the missing treasure map, so we can continue our journey? Jack and the parrot looked everywhere, and finally, with your help, we found the map tucked away in a hidden compartment.""
        },
        {
            ""day"": 6,
            ""title"": ""Taking Care of the Ship's Garden"",
            ""story"": ""As we sailed closer to the island, Jack remembered that he had a small garden on the ship, where he grew his favorite fruits and vegetables. He asked for your help to water the plants, so they would stay healthy and strong. Can you help us water the plant that needs the most water, so it can grow big and juicy? With your help, the garden was thriving, and Jack was grateful for your care and attention.""
        },
        {
            ""day"": 7,
            ""title"": ""The Final Challenge"",
            ""story"": ""On the seventh day, we finally reached the island, and Jack was excited to start searching for the treasure. But as we landed on the beach, we were greeted by a fierce sea monster, who guarded the treasure and would only let us pass if we could sing a happy song. Can you sing a short song with me, so we can scare the monster away and find the treasure? Jack and the parrot joined in, and together we sang a loud and happy song that chased the monster away and led us to the treasure.""
        }
    ],
    ""outro"": {
        ""title"": ""The Treasure Found"",
        ""story"": ""With the sea monster gone, we dug into the sand and found a chest filled with gold coins and precious jewels. Jack was overjoyed and thanked you for your help throughout the journey, saying that he could not have done it without you. You had helped him overcome every obstacle, and together you had found the treasure, and Jack was proud of the brave and clever pirate you had become. As we sailed back to the village, Jack and the parrot celebrated our victory, and Jack knew that he would always treasure the memories of our amazing adventure together.""
    }
}",4.136306047439575,True,True,True,True,True,True,True,7,9.0,4.0,6.0,9.0,"The story features clear daily calls to action, but the 'blocker' on Day 5 is resolved too quickly to create real narrative tension. Additionally, mundane chores like cleaning and gardening on Days 4 and 6 stall the progression toward the final goal."
a84fb1f6-e242-48ba-8c55-5746958330ca,model_1,model_3,v2,1,"{
    ""intro"": {
        ""title"": ""The Brave Little Pirate"",
        ""story"": ""In a small village, there lived a brave little pirate named Jack who dreamed of finding a hidden treasure. The treasure was said to be buried on a mysterious island, and the map to the treasure was divided into seven pieces. Jack had been searching for the pieces for months, but he still needed one more piece to complete the map. He hoped that with the help of his friends, he would be able to find the treasure and become the most famous pirate in the land.""
    },
    ""days"": [
        {
            ""day"": 1,
            ""title"": ""The First Clue"",
            ""story"": ""Jack found the first piece of the map, but it was encrypted with numbers. To decipher the code, Jack needed to count from 1 to 20 to unlock the first clue. He was excited to start his journey and couldn't wait to see what the next piece of the map would reveal. Can you help Jack count from 1 to 20 to unlock the first clue?""
        },
        {
            ""day"": 2,
            ""title"": ""The Mysterious Island"",
            ""story"": ""After unlocking the first clue, Jack discovered that the next piece of the map was hidden on a mysterious island. To get to the island, Jack needed to spell his name to prove that he was the true owner of the map. The island was said to be filled with treasures and dangers, and Jack was both excited and scared. Can you help Jack spell his name, J-A-C-K, to get to the mysterious island?""
        },
        {
            ""day"": 3,
            ""title"": ""The Animal Friends"",
            ""story"": ""On the mysterious island, Jack met three animal friends who offered to help him find the next piece of the map. The animals were a parrot, a monkey, and a tiger, and they asked Jack to name three animals to prove that he was a true friend. Jack was grateful for their help and promised to return the favor someday. Can you help Jack name three animals, such as a cat, a dog, and a bear, to get the help of his new friends?""
        },
        {
            ""day"": 4,
            ""title"": ""The Treasure Map"",
            ""story"": ""After getting the help of his animal friends, Jack found the next piece of the map, but it was dirty and torn. To restore the map, Jack needed to clean the table where the map was laid out. The map was old and fragile, and Jack didn't want to damage it. Can you help Jack clean the table by putting away the dirty dishes and wiping it with a cloth?""
        },
        {
            ""day"": 5,
            ""title"": ""The Missing Piece"",
            ""story"": ""While cleaning the table, Jack realized that one of the pieces of the map was missing. He searched everywhere, but he couldn't find it. Jack was worried that he would never find the treasure without the complete map. Can you help Jack find the missing piece by looking under the couch, behind the chair, and inside the bookshelf?""
        },
        {
            ""day"": 6,
            ""title"": ""The Magical Plant"",
            ""story"": ""After finding the missing piece, Jack discovered that the next piece of the map was hidden in a magical plant. To make the plant grow and reveal the map, Jack needed to water it with a special potion. The plant was said to have the power to grant wishes, and Jack was excited to see what would happen. Can you help Jack water the plant by pouring a glass of water into the pot?""
        },
        {
            ""day"": 7,
            ""title"": ""The Final Clue"",
            ""story"": ""After watering the plant, Jack found the final piece of the map, but it was encrypted with a song. To decipher the code, Jack needed to sing a short song to unlock the final clue. The song was said to be a magical melody that would reveal the location of the treasure. Can you help Jack sing a short song, such as 'Twinkle, Twinkle, Little Star', to unlock the final clue?""
        }
    ],
    ""outro"": {
        ""title"": ""The Treasure Found"",
        ""story"": ""After unlocking the final clue, Jack finally found the hidden treasure, and it was more amazing than he had ever imagined. The treasure was filled with gold, jewels, and magical artifacts, and Jack was overjoyed. He thanked his friends and the children who had helped him on his journey, and he knew that he couldn't have done it without them. Jack returned home a hero, and his bravery and kindness were celebrated by all, and he lived happily ever after with the treasure and the knowledge that he had built true courage.""
    }
}",3.153826951980591,True,True,True,True,True,True,True,2,3.0,2.0,3.0,9.0,"The story suffers from a severe logic break where a pirate on a mysterious island suddenly stops to clean dishes and look under a couch. While the calls to action are clear, the blockers fail to maintain the adventurous theme and contradict the intro's claim that only one piece was missing."
c0c3f2a9-f987-4eaa-abc4-d856a3d9e49f,model_3,model_1,v1,0,"{
    ""intro"": {
        ""title"": ""The Brave Little Pirate"",
        ""story"": ""Pip the Pirate stands on the shore of Sunny Cove, clutching a dusty map to the Golden Compass. He wants to find the treasure, but the path ahead looks big and scary for a little pirate. Can you help him find his courage and start this adventure?""
    },
    ""days"": [
        {
            ""day"": 1,
            ""title"": ""The Numbered Bridge"",
            ""story"": ""Pip reaches the Bridge of Whispering Rocks, but the stones are numbered and he is too nervous to step on them. He needs to count every step to cross safely without getting lost. Can you help Pip cross the bridge by counting from 1 to 20?""
        },
        {
            ""day"": 2,
            ""title"": ""The Magic Gate"",
            ""story"": ""To open the gate to the Secret Jungle, Pip must sign a magical guest book, but he is so shaky he forgot how to spell. He needs a powerful name to unlock the lock. Could you help him by spelling your own name out loud?""
        },
        {
            ""day"": 3,
            ""title"": ""The Statue Spirits"",
            ""story"": ""Pip enters a clearing where three stone statues block his path, and they will only move if they are called by their animal names. Pip is feeling a bit shy and doesn't know what to say. Can you help him move the statues by naming three different animals?""
        },
        {
            ""day"": 4,
            ""title"": ""The Messy Map"",
            ""story"": ""Pip finds the treasure map on a stone altar, but it is covered in sticky crumbs and mess from a forest snack. He cannot see the directions until the area is tidy and clean. Can you help him clear the way by helping to clean the table?""
        },
        {
            ""day"": 5,
            ""title"": ""The Monkey's Trick"",
            ""story"": ""A cheeky monkey stole Pip's golden key and hid it among some toys in a deep cave. Pip is searching everywhere but he feels like he needs a lucky charm to find it. Can you help him by finding a missing or hidden toy in your room?""
        },
        {
            ""day"": 6,
            ""title"": ""The Wilting Guide"",
            ""story"": ""Pip reaches the magical Flower of Light, which points the way to the treasure, but it is wilting and won't glow. He needs to give it a drink so it can show him the final path. Can you help him by watering a plant today?""
        },
        {
            ""day"": 7,
            ""title"": ""The Dragon's Lullaby"",
            ""story"": ""The treasure cave is guarded by a grumpy dragon who will only fall asleep if he hears a happy, brave tune. Pip is too nervous to sing all by himself in the dark. Can you help him by singing a short song to soothe the dragon?""
        }
    ],
    ""outro"": {
        ""title"": ""The Treasure is Found"",
        ""story"": ""With your help, Pip found the Golden Compass and learned that being brave is easy with a friend like you. You were the best crewmate ever, and your kindness made the treasure shine even brighter. Sleep well, little hero!""
    }
}",8.69063687324524,True,True,True,True,True,True,True,8,9.0,7.0,8.0,9.0,"The story has a clear structure and follows the 7-day format, but the creativity of the theme could be improved to stand out from other generic treasure hunt stories. To improve, consider adding more unique twists to the challenges Pip faces, while maintaining the simplicity and suitability of the language for children."
a2750103-d03b-42b0-aaa9-32894c232b64,model_3,model_1,v1,1,"{
    ""intro"": {
        ""title"": ""Pip\u2019s Big Adventure"",
        ""story"": ""Pip is a tiny pirate with a big dream to find the legendary Heart of Courage hidden on Mystery Island. He has his map and his hat, but the journey ahead is full of tricky challenges he can't face alone.""
    },
    ""days"": [
        {
            ""day"": 1,
            ""title"": ""Counting the Cargo"",
            ""story"": ""Pip needs to load twenty heavy cannonballs onto his ship, but he keeps losing track of the numbers. Without the right amount, he\u2019s too nervous to sail into the deep blue sea. Can you help Pip feel brave by counting from one to twenty?""
        },
        {
            ""day"": 2,
            ""title"": ""The Magic Logbook"",
            ""story"": ""The ship has reached the Secret Cove, but the gate will only open if Pip signs the Magic Logbook. Pip is feeling shy and has forgotten how to use his letters! Can you help him gain confidence by spelling your name out loud?""
        },
        {
            ""day"": 3,
            ""title"": ""The Ticklish Guardian"",
            ""story"": ""A giant, ticklish octopus is blocking the path and says he will only move if he hears about three strange land creatures. Pip has never seen anything but seagulls and fish! Can you name three animals to help Pip pass the octopus?""
        },
        {
            ""day"": 4,
            ""title"": ""The Messy Map"",
            ""story"": ""The treasure map is buried under a mountain of sticky crumbs and messy plates on the Captain\u2019s table. Pip is overwhelmed by the mess and doesn't know where to start! Can you help him clear the way by helping to clean the table at your house?""
        },
        {
            ""day"": 5,
            ""title"": ""The Lost Key"",
            ""story"": ""Pip finally reached the treasure cave, but he dropped the silver key into a pile of old, dusty toys. He is worried the key is lost forever in the clutter! Can you help Pip find a missing toy at your home to show him how to be a great seeker?""
        },
        {
            ""day"": 6,
            ""title"": ""The Thirsty Flower"",
            ""story"": ""A giant jungle flower is blocking the final path, and it\u2019s wilting because it is so very thirsty. Pip\u2019s water canteen is empty, and he doesn't know how to save the beautiful bloom! Can you help Pip save the day by watering a plant?""
        },
        {
            ""day"": 7,
            ""title"": ""The Final Song"",
            ""story"": ""Pip is standing right in front of the Golden Chest, but the lock is enchanted and will only open to a brave song. Pip is so excited that his voice is stuck in a tiny whisper! Can you help him find his voice by singing a short song?""
        }
    ],
    ""outro"": {
        ""title"": ""The Heart of Courage"",
        ""story"": ""With your help, Pip opened the chest and discovered that his courage grew with every task you completed together. You were the bravest first mate in the world, and Pip couldn't have found the treasure without you. Sweet dreams, little hero!""
    }
}",9.11066746711731,True,True,True,True,True,True,True,9,10.0,8.0,9.0,9.0,"The story effectively follows the 7-day structure with engaging challenges, but the theme, although enjoyable, is somewhat generic, and the language, while simple, occasionally uses complex phrases like 'tricky challenges' and 'deep blue sea' that might confuse some children, thus the coherence, creativity, and language scores are not perfect."
7caef4b9-3490-4927-88f2-2f8ab8864663,model_3,model_1,v2,0,"{
    ""intro"": {
        ""title"": ""The Map to Spooky Cove"",
        ""story"": ""Little Pirate Pip stood on the sandy shore of Spooky Cove, looking at an old, crinkled map. He dreamed of finding the Golden Star, but he felt a little bit nervous about the big waves ahead. His trusty ship was ready to sail, yet he needed a brave friend to help him find his courage. Will you join Pip on this grand adventure across the seven seas to find the treasure?""
    },
    ""days"": [
        {
            ""day"": 1,
            ""title"": ""Checking the Cargo"",
            ""story"": ""The adventure begins as Pip needs to check his supplies before the ship can leave the dock. He has many wooden crates filled with food and water, but he is too worried to keep track of them. To make sure he has enough for the long journey, he needs you to help him check every single box. Can you help Pip feel brave and prepared by counting all twenty crates from one to twenty?""
        },
        {
            ""day"": 2,
            ""title"": ""The Hero Gate"",
            ""story"": ""As they sail deeper into the ocean, Pip finds a giant wooden gate blocking the secret path. The gate has no key, but it asks for the name of a true hero to let the ship pass through. Pip says your name out loud, but the gate needs to hear the letters spelled clearly to open up. Will you help Pip unlock the gate by spelling your name out loud so we can keep going?""
        },
        {
            ""day"": 3,
            ""title"": ""Friends in the Mist"",
            ""story"": ""A thick, mysterious mist rolls over the water, and Pip hears strange sounds coming from the nearby islands. He is worried about what creatures might be hiding in the dark, so he needs to recognize his friends. If you can name some friendly sea animals, the mist will clear and show Pip there is nothing to fear. Can you help Pip be brave by naming three different animals that might live in the sea or on land?""
        },
        {
            ""day"": 4,
            ""title"": ""Tidying the Deck"",
            ""story"": ""A sudden storm shakes the ship, and everything on Pip's navigation table slides onto the floor in a mess. Pip is scared to move because the ship is rocking, but he cannot see his map under all the clutter. He needs a clean space to plan the final part of the journey toward the treasure island. To help Pip get back on track, can you show him how brave you are and help clean your table?""
        },
        {
            ""day"": 5,
            ""title"": ""The Lost Compass"",
            ""story"": ""They finally reach the island, but Pip realizes his golden compass has fallen out of his pocket. Without the compass, he cannot find the path through the tall grass to the hidden cave. He needs a clever scout to help him find something important that has gone missing. Will you help Pip practice his searching skills by finding a missing toy somewhere in your room?""
        },
        {
            ""day"": 6,
            ""title"": ""The Thirsty Path"",
            ""story"": ""The path to the treasure leads through a dry garden that looks very sad and wilting. Pip knows that to find the secret lever, he must show kindness to the nature around him. The flowers need a little bit of help to grow tall and strong so they can point the way. Can you help Pip and the garden stay strong by finding a plant to give a little water to?""
        },
        {
            ""day"": 7,
            ""title"": ""The Singing Cave"",
            ""story"": ""Pip stands at the entrance of the final cave, but it is very dark and a bit scary inside. He needs some happy music to fill his heart with enough courage to walk through the shadows. A cheerful melody is the only thing that can light up the path to the Golden Star. Will you help Pip find his final bit of courage by singing a short, happy song for him?""
        }
    ],
    ""outro"": {
        ""title"": ""The Brave Pirate's Reward"",
        ""story"": ""With your help, Pip walked bravely into the cave and found the glowing Golden Star treasure. He realized that being brave was easier because he had a friend like you to help him every day. You both shared the treasure, and Pip's heart was now full of courage for his next big adventure. Thank you for being the best pirate partner and for helping Pip find his way home!""
    }
}",15.591421842575071,True,True,True,True,True,True,True,8,9.0,7.0,8.0,9.0,"The story has a clear structure and engages the child in various activities, but it could benefit from more unique themes and tension build-up toward the final goal. To improve, the author should focus on adding more unexpected twists and turns to keep the child invested in the story, while maintaining the simple and suitable language for young readers."
4dc073da-c0f8-4bbe-b091-1b2d46f4cadf,model_3,model_1,v2,1,"{
    ""intro"": {
        ""title"": ""The Little Pirate's Map"",
        ""story"": ""Little Captain Leo stood on the sandy shore with an old map. He wanted to find the Golden Compass but felt a bit scared of the deep blue sea. His trusty parrot, Pip, squawked that courage comes from taking small steps. Will you help Leo find his bravery and the treasure?""
    },
    ""days"": [
        {
            ""day"": 1,
            ""title"": ""The Coconut Count"",
            ""story"": ""Today, Leo needs to load twenty heavy coconuts onto his small wooden boat for the long journey. He tries to lift them but keeps losing track of how many are in the basket. He needs a brave helper to make sure he has enough food for the trip. Can you help him by counting from one to twenty out loud?""
        },
        {
            ""day"": 2,
            ""title"": ""A Name in the Mist"",
            ""story"": ""The boat sailed into a thick fog where the stars were hidden from view. Leo needs to write the name of his bravest crew member on the sail to light the way. He has his quill ready but needs you to tell him the letters of your name. Please spell your name clearly so the ship can find its path through the mist!""
        },
        {
            ""day"": 3,
            ""title"": ""The Monster's Riddle"",
            ""story"": ""A giant sea monster blocked the path and demanded a riddle about creatures of the land. Leo has never left his ship and does not know about animals that live in the forest. If you name three different animals, the sea monster will be impressed and let the ship pass. What are three animals you can tell the sea monster about?""
        },
        {
            ""day"": 4,
            ""title"": ""Cleaning the Captain's Cabin"",
            ""story"": ""A big storm tossed the ship around and made a huge mess in the captain's cabin. Leo is worried because he cannot find his map under all the spilled crackers and crumbs. He needs his cabin to be tidy so he can plan the final route to Treasure Island. Can you go and help clean the table in your house to show him how it is done?""
        },
        {
            ""day"": 5,
            ""title"": ""The Missing Key"",
            ""story"": ""While Leo was steering through the waves, his lucky golden key fell into a pile of old ropes. He feels very nervous about searching the dark corners of the deck without his best friend's help. He needs you to practice your searching skills right now to help him feel much braver. Can you go find one of your missing toys and bring it back here?""
        },
        {
            ""day"": 6,
            ""title"": ""The Thirsty Island"",
            ""story"": ""The ship reached the Island of Dry Leaves where the magic map says the treasure is buried. To make the secret path appear, the thirsty island flowers must be given a cool drink of water. Leo is busy holding the map, so he needs you to perform a special watering ceremony. Will you go and water a plant in your home to help the path appear?""
        },
        {
            ""day"": 7,
            ""title"": ""The Musical Gate"",
            ""story"": ""Leo stands before the Great Treasure Cave, but the stone door is locked by a musical spell. The door will only open if a brave voice sings a happy tune to wake the sleeping guardian. Leo is too shy to sing alone and needs your wonderful voice to lead the way. Can you sing a short song to help Leo open the heavy stone door?""
        }
    ],
    ""outro"": {
        ""title"": ""The Treasure of Courage"",
        ""story"": ""The stone door swung open and revealed the shimmering Golden Compass sitting on a pedestal. Leo realized that he was never truly afraid because you were by his side the whole time. He held the compass high and thanked his bravest friend for completing every difficult task. Together, you turned a small pirate into a legendary hero of the seven seas!""
    }
}",13.855678081512451,True,True,True,True,True,True,True,8,9.0,7.0,8.0,9.0,"The story excels in its ability to follow a consistent structure and engage the child in various interactive tasks, but it falls short in terms of creativity, as the plot relies on somewhat generic pirate-themed elements. To improve, consider adding more unique twists to the challenges Leo faces and the world he inhabits."
fba52f2b-2036-41d8-9739-627bd902abd1,model_1,model_3,v1,0,"{
    ""intro"": {
        ""title"": ""The Brave Little Pirate"",
        ""story"": ""In a faraway land, a brave little pirate named Jack set out on a journey to find a hidden treasure. Jack had a map, but it was cryptic, and he needed help deciphering it. He was determined to be brave and find the treasure, but he couldn't do it without your help!""
    },
    ""days"": [
        {
            ""day"": 1,
            ""title"": ""Counting the Steps"",
            ""story"": ""Jack arrived at a mysterious island and found a path with 20 steps leading to a cave. He needed to count the steps to unlock the cave door, but he got confused. Can you help Jack count from 1 to 20 so he can unlock the door?""
        },
        {
            ""day"": 2,
            ""title"": ""Signing the Map"",
            ""story"": ""Jack found a map that would lead him to the treasure, but it required his signature to activate it. However, Jack forgot how to spell his name. Can you help Jack spell his name so he can sign the map?""
        },
        {
            ""day"": 3,
            ""title"": ""Identifying the Creatures"",
            ""story"": ""Jack encountered three mysterious creatures on the island, but he couldn't remember their names. He needed to name them to get past them. Can you help Jack name three animals so he can proceed?""
        },
        {
            ""day"": 4,
            ""title"": ""Cleaning the Table"",
            ""story"": ""Jack arrived at a tavern where he found a table with a hidden clue, but it was covered in dirt and dust. He needed to clean the table to see the clue. Can you help Jack clean the table so he can find the clue?""
        },
        {
            ""day"": 5,
            ""title"": ""Finding the Missing Toy"",
            ""story"": ""Jack's trusty compass was hidden inside a toy, but the toy was missing. He needed to find the toy to get his compass back. Can you help Jack find the missing toy so he can navigate?""
        },
        {
            ""day"": 6,
            ""title"": ""Watering the Plant"",
            ""story"": ""Jack found a magical plant that would reveal a secret path, but it was wilting. He needed to water the plant to make it bloom. Can you help Jack water the plant so he can find the secret path?""
        },
        {
            ""day"": 7,
            ""title"": ""Singing the Song"",
            ""story"": ""Jack arrived at a gate that required a magical song to open. He needed to sing a short song to unlock the gate. Can you help Jack sing a short song so he can get through the gate?""
        }
    ],
    ""outro"": {
        ""title"": ""The Treasure Found"",
        ""story"": ""With your help, Jack overcame all the challenges and found the hidden treasure! You helped Jack build his courage, and he's grateful for your support. Congratulations, you're an honorary brave little pirate!""
    }
}",9.401646137237549,True,True,True,True,True,True,True,7,8.0,4.0,5.0,9.0,"The blockers and calls to action are clearly defined for each day, making the interactive elements easy for a child to follow. However, several tasks like cleaning a tavern table or finding a toy feel disconnected from the pirate theme and fail to build genuine narrative tension."
00c21dbf-f6e3-4c54-99b4-559479604c55,model_1,model_3,v1,1,"{
    ""intro"": {
        ""title"": ""The Brave Little Pirate"",
        ""story"": ""In a faraway land, a brave little pirate named Captain Jack is on a mission to find the legendary treasure, hidden deep within a mysterious island, he's courageous, but he needs your help to overcome the challenges ahead.""
    },
    ""days"": [
        {
            ""day"": 1,
            ""title"": ""The Journey Begins"",
            ""story"": ""Captain Jack, a brave little pirate, sets sail to find the hidden treasure, but first, he needs to count the 20 steps to the ancient map, can you help him count from 1 to 20?""
        },
        {
            ""day"": 2,
            ""title"": ""The Mysterious Map"",
            ""story"": ""Captain Jack found the map, but it's encrypted with a name, he thinks it's his, but he forgot how to spell it, can you help him spell your name?""
        },
        {
            ""day"": 3,
            ""title"": ""The Forest of Animals"",
            ""story"": ""Captain Jack is navigating through the forest and needs to identify the friendly animals, can you help him name three animals that might assist him?""
        },
        {
            ""day"": 4,
            ""title"": ""The Messy Tavern"",
            ""story"": ""Captain Jack stopped at a tavern for a snack, but the table is messy, and he can't find the next clue, can you help him clean the table?""
        },
        {
            ""day"": 5,
            ""title"": ""The Lost Compass"",
            ""story"": ""Captain Jack lost his compass in the tavern, and without it, he's lost, can you help him find the missing toy?""
        },
        {
            ""day"": 6,
            ""title"": ""The Magical Garden"",
            ""story"": ""Captain Jack discovered a magical garden, but the plants are dying, and he needs to water them to reveal the next path, can you help him water a plant?""
        },
        {
            ""day"": 7,
            ""title"": ""The Singing Cave"",
            ""story"": ""Captain Jack is in a cave, and the only way out is by singing a song to awaken the singing stones, can you help him sing a short song?""
        }
    ],
    ""outro"": {
        ""title"": ""The Treasure Found"",
        ""story"": ""With your help, Captain Jack found the treasure, and it was filled with gold coins and precious jewels, thank you for being a part of his journey, you helped him build his courage, and now he's the most fearless pirate in the land!""
    }
}",1.7336885929107666,True,True,True,True,True,True,True,6,9.0,4.0,5.0,8.0,"While the calls to action are interactive, some blockers like cleaning a table or watering plants feel like mundane chores rather than pirate adventures. The sudden reference to the compass as a 'toy' on Day 5 breaks the narrative immersion and character consistency."
6d663758-de9e-40eb-b306-2f46e9f5bb86,model_1,model_3,v2,0,"{
    ""intro"": {
        ""title"": ""The Brave Little Pirate"",
        ""story"": ""In a small village, there lived a brave little pirate named Jack who dreamed of finding a hidden treasure. Jack had heard stories of a mysterious island where the treasure was buried, but he needed help to get there. The journey would be long and challenging, requiring courage and determination. Jack was ready to set sail, but he needed a friend like you to join him on this adventure.""
    },
    ""days"": [
        {
            ""day"": 1,
            ""title"": ""Setting Sail"",
            ""story"": ""Jack packed his bags, said goodbye to his family, and set sail towards the mysterious island. As he sailed, he noticed that the sea was calm and the sun was shining bright. To ensure a safe journey, Jack needed to check the pirate's map, which had 20 marked locations to navigate through, and he asked you to count from 1 to 20 to help him. Can you help Jack count the locations on the map?""
        },
        {
            ""day"": 2,
            ""title"": ""Pirate's Log"",
            ""story"": ""After a day of sailing, Jack arrived at a beautiful cove and decided to take a break. He pulled out his pirate's log and started writing about his journey, but he realized he needed to sign his name on the log. Jack asked you to spell your name so he could use it as inspiration to sign his own name in a fancy pirate way. Can you spell your name for Jack?""
        },
        {
            ""day"": 3,
            ""title"": ""Island Wildlife"",
            ""story"": ""As Jack continued his journey, he arrived at the mysterious island and was amazed by the diverse wildlife. He saw exotic birds, colorful fish, and other creatures he had never seen before. Jack wanted to learn more about the animals on the island and asked you to name three animals that you think might be living on the island. Can you name three animals for Jack?""
        },
        {
            ""day"": 4,
            ""title"": ""Pirate's Feast"",
            ""story"": ""After exploring the island, Jack decided to have a feast to celebrate his progress. He set up a table with all his favorite foods, but it was a mess. Jack asked you to help him clean the table so they could have a proper feast. Can you help Jack clean the table?""
        },
        {
            ""day"": 5,
            ""title"": ""Lost Treasure Map"",
            ""story"": ""As Jack was about to eat, he realized that he had lost his treasure map. He searched everywhere, but it was nowhere to be found. Jack asked you to help him find the missing map, which was actually a toy that resembled a treasure map. Can you help Jack find the missing toy?""
        },
        {
            ""day"": 6,
            ""title"": ""Pirate's Garden"",
            ""story"": ""As Jack continued his search, he came across a beautiful garden on the island. The plants were wilting, and Jack wanted to help them grow. He asked you to help him water a plant so it could thrive. Can you help Jack water the plant?""
        },
        {
            ""day"": 7,
            ""title"": ""Treasure Hunt"",
            ""story"": ""After a long journey, Jack finally found the location of the hidden treasure. He was so excited and asked you to sing a short song to celebrate their success. As you sang, the ground started to shake, and the treasure chest appeared. Can you sing a short song for Jack?""
        }
    ],
    ""outro"": {
        ""title"": ""The Treasure Found"",
        ""story"": ""With your help, Jack was able to find the hidden treasure, and it was more magnificent than he had ever imagined. The treasure chest was filled with gold coins, precious jewels, and a note that said, 'Congratulations, brave little pirate, you have proven that courage and friendship can lead to great success.' Jack thanked you for your help and asked you to join him on more adventures. Together, you and Jack returned to the village as heroes, and your legendary friendship was celebrated by all.""
    }
}",4.05952525138855,True,True,True,True,True,True,True,5,8.0,3.0,4.0,9.0,"The tasks like cleaning a table and watering plants act as weak, mundane blockers that fail to build tension for a high-stakes pirate adventure. The calls to action are interactive but logically disconnected from the goal, especially the confusing shift where the map is suddenly described as a toy."
a6471ded-4bc9-454d-9600-4ec90f3ae9e3,model_1,model_3,v2,1,"{
    ""intro"": {
        ""title"": ""The Brave Little Pirate"",
        ""story"": ""A brave little pirate named Timmy set out on a journey to find a hidden treasure. He had heard tales of a chest filled with gold coins and precious jewels, and he was determined to find it. Timmy was a clever and resourceful pirate, but he needed help from his friends to overcome the challenges that lay ahead. He was excited to see what adventures awaited him on his journey.""
    },
    ""days"": [
        {
            ""day"": 1,
            ""title"": ""The Beginning of the Adventure"",
            ""story"": ""A brave little pirate named Timmy set out on a journey to find a hidden treasure. He had heard tales of a chest filled with gold coins and precious jewels, and he was determined to find it. Timmy sailed across the sea, facing many challenges along the way, and finally arrived at a mysterious island where the treasure was said to be buried. Can you help Timmy count from 1 to 20 to see how many steps it takes to reach the treasure map?""
        },
        {
            ""day"": 2,
            ""title"": ""Decoding the Map"",
            ""story"": ""Timmy found the treasure map, but it was encoded with a secret message that only a clever pirate could decipher. He needed to spell out his name to unlock the first clue, and he hoped that it would lead him to the treasure. With a bit of luck and some clever thinking, Timmy was able to decode the message, and the map revealed a path through the jungle. Can you spell your name to help Timmy unlock the next clue?""
        },
        {
            ""day"": 3,
            ""title"": ""Encountering Wild Animals"",
            ""story"": ""As Timmy journeyed through the jungle, he encountered many wild animals, including snakes, monkeys, and birds. He needed to name three animals that he saw on his journey to unlock a secret door that led to the next stage of his adventure. With a bit of bravery and some quick thinking, Timmy was able to name the animals and unlock the door. Can you name three animals to help Timmy on his journey?""
        },
        {
            ""day"": 4,
            ""title"": ""Cleaning Up the Mess"",
            ""story"": ""After a long day of exploring, Timmy arrived at a cozy little cottage where he could rest and eat. However, the table was messy and cluttered with dirty dishes and food scraps, and Timmy needed help cleaning it up. He asked for assistance in washing the dishes and wiping down the table, and with a bit of elbow grease, the cottage was spotless. Can you help clean the table by counting how many dishes need to be washed?""
        },
        {
            ""day"": 5,
            ""title"": ""Finding the Missing Toy"",
            ""story"": ""As Timmy was resting, he realized that his favorite toy, a little stuffed parrot, was missing. He searched high and low, but it was nowhere to be found, and he needed help finding it. With a bit of searching and some clever thinking, Timmy was able to find his beloved toy, and he was overjoyed. Can you help Timmy find his missing toy by looking under the couch cushion?""
        },
        {
            ""day"": 6,
            ""title"": ""Watering the Plants"",
            ""story"": ""The next day, Timmy visited a beautiful garden filled with lush green plants and colorful flowers. However, the plants were thirsty and needed watering, and Timmy needed help giving them a drink. With a bit of watering and some tender care, the plants were happy and healthy again. Can you help Timmy water a plant by pouring a cup of water into the soil?""
        },
        {
            ""day"": 7,
            ""title"": ""Singing a Happy Tune"",
            ""story"": ""Finally, after many days of adventure, Timmy reached the treasure chest, but it was locked with a magical spell that could only be broken by singing a happy song. Timmy needed help singing a short song to break the spell and unlock the treasure. With a bit of singing and some joyful laughter, the spell was broken, and the treasure was revealed. Can you sing a short song to help Timmy unlock the treasure?""
        }
    ],
    ""outro"": {
        ""title"": ""The Treasure is Found"",
        ""story"": ""With the spell broken, Timmy opened the treasure chest and found it filled with gold coins, precious jewels, and a note that said, 'Congratulations, brave little pirate, you have proven yourself to be clever, resourceful, and kind.' Timmy was overjoyed and grateful for the help of his friends, who had assisted him on his journey. He realized that the true treasure was not the gold and jewels, but the friendships and memories he had made along the way. Timmy returned home, where he was greeted as a hero, and he lived happily ever after, always remembering the exciting adventures he had on his journey to find the hidden treasure.""
    }
}",13.278512954711914,True,True,True,True,True,True,True,4,8.0,3.0,4.0,9.0,"The story fails because the 'blockers' from Day 4 to Day 6 (cleaning dishes and finding a toy under a couch) are logically inconsistent with a pirate adventure on a mysterious island. While the 'calls to action' are present, they feel like disjointed chores rather than meaningful steps toward finding the treasure."
1b448e06-6e5a-4ded-99c2-ec1a160dac32,model_3,model_1,v1,0,"{
    ""intro"": {
        ""title"": ""Pip's Big Mission"",
        ""story"": ""Pip is a tiny pirate with a big dream to find the legendary Golden Compass of Courage. He is a little bit scared, but he knows that with a friend like you, he can face anything. Are you ready to help him start his big adventure?""
    },
    ""days"": [
        {
            ""day"": 1,
            ""title"": ""The Invisible Bridge"",
            ""story"": ""Pip the Pirate reaches the Magic Dock, but the bridge planks only appear when they are counted. He is so nervous that he keeps losing his place. Can you help Pip cross the water by counting from 1 to 20?""
        },
        {
            ""day"": 2,
            ""title"": ""The Secret Gate"",
            ""story"": ""To enter the Whispering Cave, Pip must sign the ancient guest book with a friend's name. His hand is shaking too much to write a single letter. Can you help Pip open the gate by spelling your name out loud?""
        },
        {
            ""day"": 3,
            ""title"": ""The Talking Statue"",
            ""story"": ""A giant stone parrot blocks the tunnel and will only move if it hears about other creatures. Pip is too shy to speak to the big bird alone. Can you help Pip pass by naming three different animals?""
        },
        {
            ""day"": 4,
            ""title"": ""The Messy Map"",
            ""story"": ""Pip finds a dusty map on a very messy table in an old shipwreck, but the crumbs and clutter are hiding the path. He needs the surface to be clean so he can see the golden trail. Can you help Pip by helping to clean the table at your house?""
        },
        {
            ""day"": 5,
            ""title"": ""The Lost Key"",
            ""story"": ""Oh no! Pip dropped his lucky treasure key in the tall, wavy grass and cannot find it anywhere. He needs a great explorer to help him search. Can you help Pip by finding a missing toy in your room?""
        },
        {
            ""day"": 6,
            ""title"": ""The Thirsty Vine"",
            ""story"": ""A thirsty, wilting vine is blocking the entrance to the Treasure Mountain and needs a drink to grow out of the way. Pip's water canteen is empty, and he needs your help to bring life back to the path. Can you help Pip by watering a real plant today?""
        },
        {
            ""day"": 7,
            ""title"": ""The Musical Lock"",
            ""story"": ""Pip finally reaches the Golden Chest, but it is locked with a special musical spell that requires a happy melody. He is too out of breath from his journey to hum a single note. Can you help Pip open the treasure by singing a short song?""
        }
    ],
    ""outro"": {
        ""title"": ""The Bravest Pirate"",
        ""story"": ""With your help, Pip opened the chest and found the Golden Compass, realizing he was brave all along because he never gave up. Thank you for being the best helper a pirate could ever have! You are a true hero, and now it is time for a peaceful rest.""
    }
}",10.04092025756836,True,True,True,True,True,True,True,8,9.0,7.0,8.0,9.0,"The story follows a coherent structure but sometimes relies on generic 'helper' prompts, consider adding more character depth to Pip and the friends he meets along the way to create a more engaging narrative."
ebb7f8c1-991b-4963-a5cf-853e34fb7e6e,model_3,model_1,v1,1,"{
    ""intro"": {
        ""title"": ""Pip\u2019s Big Adventure"",
        ""story"": ""Little Pirate Pip is standing on the deck of the S.S. Brave, ready to find the legendary Golden Compass of Courage. To reach the hidden treasure, Pip must face big challenges, but he needs a brave friend like you to help him along the way.""
    },
    ""days"": [
        {
            ""day"": 1,
            ""title"": ""The Sea Shell Bridge"",
            ""story"": ""Pip needs to cross a bridge of floating sea shells to reach the island, but the shells will only stay still if someone counts them. He is nervous he might trip and needs your steady voice to guide him. Can you help Pip cross safely by counting from 1 to 20?""
        },
        {
            ""day"": 2,
            ""title"": ""The Gate of Names"",
            ""story"": ""A giant stone gate blocks the path, and it will only open if Pip can prove he has a brave partner with a special name. Pip doesn't know how to write on the magic stone, so he needs you to provide the secret code. Can you help him open the gate by spelling your name out loud?""
        },
        {
            ""day"": 3,
            ""title"": ""The Parrot's Password"",
            ""story"": ""A grumpy parrot guards the jungle entrance and demands to hear about animals from the outside world before letting Pip pass. Pip has only ever seen seagulls and fish, so he is completely stuck. Can you help him by naming three different animals?""
        },
        {
            ""day"": 4,
            ""title"": ""The Messy Map Room"",
            ""story"": ""Pip finds an old map room, but the table is covered in crumbs and clutter, hiding the secret X that shows where to go next. He needs to see a true hero show how to clear a workspace before he can find the hidden markings. Could you help him by helping clean the table at your home?""
        },
        {
            ""day"": 5,
            ""title"": ""The Lost Key"",
            ""story"": ""Pip finally reaches the mountain, but he realizes his shiny silver key has fallen out of his pocket and is lost in the grass. He feels sad and wants to give up, but he knows you are a master seeker. Can you show him how to be brave and find a missing toy in your house?""
        },
        {
            ""day"": 6,
            ""title"": ""The Thirsty Jungle"",
            ""story"": ""The path to the treasure is blocked by drooping vines that are too thirsty to move out of the way. Pip has a watering can, but he needs to see a friend show kindness to nature to gain his own courage. Can you help the jungle wake up by watering a plant?""
        },
        {
            ""day"": 7,
            ""title"": ""The Dragon's Lullaby"",
            ""story"": ""A sleepy dragon is napping on top of the treasure chest, and only a happy melody will wake him up gently. Pip is too shy to sing by himself and needs a brave leader to start the music. Can you help wake the dragon by singing a short song?""
        }
    ],
    ""outro"": {
        ""title"": ""The Treasure of Bravery"",
        ""story"": ""With your help, Pip found the Golden Compass and realized that true courage comes from trying your best and helping friends. Thank you for being the bravest pirate partner in the world; you made the whole sea sparkle with your magic!""
    }
}",9.407655715942385,True,True,True,True,True,True,True,8,9.0,7.0,8.0,9.0,"The story has a clear plot and follows the 7-day structure, with each day presenting a unique challenge for Pip and the child to overcome. However, the theme of bravery and helping friends, while sweet, is somewhat generic and could be more unique and creative to stand out."
f2440a5f-06a4-40c4-b72a-466a95cbedde,model_3,model_1,v2,0,"{
    ""intro"": {
        ""title"": ""A Brave Beginning"",
        ""story"": ""Captain Pip is a small pirate with a big dream of finding the Golden Compass. He feels a bit nervous about the vast, blue ocean ahead of him. To reach the treasure, he needs a brave first mate like you to help. Are you ready to set sail on the Jolly Barnacle and find adventure?""
    },
    ""days"": [
        {
            ""day"": 1,
            ""title"": ""The Stuck Anchor"",
            ""story"": ""The ship is ready to leave the dock, but the anchor is stuck deep in the sand. Captain Pip needs to know how many heavy links are on the iron chain. If we count them all together, the magic of the numbers will lift the anchor. Can you help the captain by counting clearly from one to twenty?""
        },
        {
            ""day"": 2,
            ""title"": ""The Foggy Night"",
            ""story"": ""A thick fog rolls in, and Pip cannot see the stars to guide his wooden ship. He needs a special code to unlock the magical lantern that glows through the darkness. The lantern will only light up if it hears the name of a brave hero. Can you please spell your name out loud to light our way forward?""
        },
        {
            ""day"": 3,
            ""title"": ""Isle of Whiskers"",
            ""story"": ""The ship reaches the Isle of Whiskers, where strange sounds come from the tall jungle trees. Pip is scared of the rustling leaves, but he knows the animals here are actually very friendly. He wants to learn about the creatures that might be hiding in the green bushes. Can you name three animals for Pip so he feels brave enough to walk ashore?""
        },
        {
            ""day"": 4,
            ""title"": ""The Messy Map Room"",
            ""story"": ""After a long day of sailing, the captain\u2019s map room is covered in sticky crumbs and messy spots. Pip cannot find the secret path on his map because the table is too dirty to see. A tidy ship is a happy ship, and it helps a pirate think more clearly. Will you help clean the table now so we can find the next clue?""
        },
        {
            ""day"": 5,
            ""title"": ""The Hidden Key"",
            ""story"": ""Oh no, the golden key to the treasure chest has fallen overboard into a pile of colorful shells! Pip looks everywhere, but everything is cluttered and he cannot spot the small, shiny object. He needs your sharp eyes to practice finding hidden things before the sun goes down. Can you find a missing toy in your room and show it to the captain?""
        },
        {
            ""day"": 6,
            ""title"": ""The Thirsty Guardian"",
            ""story"": ""To enter the Cave of Wonders, we must pass the thirsty Guardian Flower that blocks the entrance. The flower is wilting and sad, and Pip knows that kindness is a pirate's greatest strength. Giving the flower a refreshing drink will make it bloom and open the path for us. Can you find a plant nearby and give it some water to help us pass?""
        },
        {
            ""day"": 7,
            ""title"": ""The Musical Lock"",
            ""story"": ""We are standing right in front of the giant treasure chest, but it is locked with a musical spell. The chest only opens for those who have a joyful heart and a loud, brave voice. Pip is too shy to start the melody, so he needs you to lead the way. Can you sing a short song to break the final lock on the chest?""
        }
    ],
    ""outro"": {
        ""title"": ""The Golden Reward"",
        ""story"": ""The treasure chest swings open to reveal the Golden Compass and piles of shiny jewels. Captain Pip smiles brightly because he finally found his courage thanks to your wonderful help. You have been the best first mate a pirate could ever ask for on this journey. Now we can sail home safely together and share our amazing story with everyone!""
    }
}",14.42843222618103,True,True,True,True,True,True,True,8,9.0,7.0,8.0,9.0,"The story excels in maintaining a consistent 7-day structure and using simple, child-friendly language, but could improve by adding more unique elements to the plot, as some of the challenges feel a bit generic. The blocker and call to action rules are well-implemented, encouraging children to participate actively in the story."
4efa3687-fd49-4619-9cb4-40f60e1c95b3,model_3,model_1,v2,1,"{
    ""intro"": {
        ""title"": ""Setting Sail"",
        ""story"": ""Young Captain Leo stood on the sandy shore looking at his old treasure map. He felt a bit nervous about the big blue ocean stretching out before him. He needed a brave first mate to help him find the legendary Golden Compass. Together, we will board the Sea Sprite and begin our grand adventure today.""
    },
    ""days"": [
        {
            ""day"": 1,
            ""title"": ""The Dolphin Guide"",
            ""story"": ""The Sea Sprite sailed over the sparkling waves as we looked for the first landmark. Leo saw a group of jumping dolphins and realized they were showing us the path. To keep the ship on course, we need to count how many times the dolphins leap. Please help Leo by counting out loud from one to twenty right now!""
        },
        {
            ""day"": 2,
            ""title"": ""The Foggy Path"",
            ""story"": ""A thick fog rolled in, making it very hard for Leo to see the wheel. He needs to write in the ship's logbook to claim his role as the captain. Writing and saying names out loud gives a pirate the courage to face any storm. Can you help Leo find his voice by spelling your own name for him?""
        },
        {
            ""day"": 3,
            ""title"": ""Jungle Noises"",
            ""story"": ""We reached the mysterious Jungle Island where the treasure is said to be hidden. Leo heard strange rustling sounds in the tall grass and felt his knees shake. He needs to know which creatures live here so he will not be afraid anymore. Will you help Leo feel brave by naming three animals you might find in a jungle?""
        },
        {
            ""day"": 4,
            ""title"": ""The Messy Camp"",
            ""story"": ""After trekking through the jungle, we found an old and dusty pirate campsite. The map was hidden under a mess of old plates and sticky fruit skins. Leo knows that a tidy space helps a pirate think clearly and find important clues. To help us find the next map piece, can you go and help clean the table?""
        },
        {
            ""day"": 5,
            ""title"": ""The Lost Key"",
            ""story"": ""Leo checked his pocket for the special skeleton key, but it was gone! He must have dropped it while we were walking through the overgrown vines earlier. Searching for lost things is a great way to practice being a focused explorer. Can you show Leo how good you are at searching by finding a missing toy?""
        },
        {
            ""day"": 6,
            ""title"": ""The Thirsty Gate"",
            ""story"": ""We found the entrance to the Secret Cave, but it was blocked by thirsty flowers. Leo knows that kindness to nature is the true mark of a brave hero. If we give the plants some water, they might move their leaves for us. Will you help the island grow by pretending to water a plant or a flower?""
        },
        {
            ""day"": 7,
            ""title"": ""The Magic Lock"",
            ""story"": ""We are finally standing right in front of the giant and heavy treasure chest. The lock is magical and will only open if it hears a happy melody. Leo is a bit shy, so he needs his brave first mate to lead. Can you help open the chest by singing a short song as loud as you can?""
        }
    ],
    ""outro"": {
        ""title"": ""The Greatest Prize"",
        ""story"": ""The lid of the chest creaked open to reveal the glowing Golden Compass inside. Leo realized he was never actually afraid because you were there to help him. You showed him that being brave means trying your best and helping your friends. We are the greatest pirate team in the world and our adventure was a success!""
    }
}",9.918036937713625,True,True,True,True,True,True,True,8,9.0,7.0,8.0,9.0,"The story effectively follows the 7-day structure and uses simple language, but the theme, while fun, is not extremely unique and some plot points feel a bit generic. To improve, consider adding more surprising twists or turns to the adventure."
932c1b26-6c66-4e2d-890c-8df1441dee4c,model_1,model_3,v1,0,"{
    ""intro"": {
        ""title"": ""Welcome to the Adventure"",
        ""story"": ""Join little pirate Timmy on an exciting journey to find a hidden treasure. Timmy is brave, but he needs your help to overcome challenges along the way.""
    },
    ""days"": [
        {
            ""day"": 1,
            ""title"": ""The Journey Begins"",
            ""story"": ""Meet little pirate Timmy, who sets sail to find a hidden treasure. To navigate through the first cave, Timmy needs to count the 20 steps to the door, but he's struggling to remember the numbers. Can you help Timmy count from 1 to 20?""
        },
        {
            ""day"": 2,
            ""title"": ""Pirate's Map"",
            ""story"": ""Timmy found a map, but it's signed with a mysterious name. To unlock the next clue, Timmy needs to spell the name, but the letters are all jumbled. Can you spell your name to help Timmy figure it out?""
        },
        {
            ""day"": 3,
            ""title"": ""Animal Friends"",
            ""story"": ""As Timmy sails across the sea, he meets three friendly animals who offer to help. However, Timmy can't recall their names. Can you name three animals to help Timmy remember?""
        },
        {
            ""day"": 4,
            ""title"": ""Cleaning the Ship"",
            ""story"": ""The ship is messy, and Timmy needs to clean the table before he can eat. But the table is too big for him to clean alone. Can you help Timmy clean the table by telling him how to do it?""
        },
        {
            ""day"": 5,
            ""title"": ""Lost Treasure"",
            ""story"": ""Timmy's favorite toy, a little parrot, is missing. He thinks it might be hidden somewhere on the ship. Can you help Timmy find his missing toy?""
        },
        {
            ""day"": 6,
            ""title"": ""Planting a Clue"",
            ""story"": ""Timmy found a plant with a hidden clue, but it's wilting. To water the plant, Timmy needs to fill a bucket, but it's too heavy for him. Can you help Timmy water the plant?""
        },
        {
            ""day"": 7,
            ""title"": ""Singing the Song"",
            ""story"": ""The final clue is hidden in a song, but Timmy is too shy to sing. Can you sing a short song to help Timmy find the courage to sing and discover the treasure?""
        }
    ],
    ""outro"": {
        ""title"": ""Congratulations!"",
        ""story"": ""With your help, Timmy found the treasure and became a brave pirate. You helped Timmy build courage, and together, you made this adventure a magical success!""
    }
}",2.0924007892608643,True,True,True,True,True,True,True,6,10.0,4.0,5.0,9.0,"The blockers are clearly defined, though Day 4 and Day 6 feel like mundane chores that stall the narrative momentum of a treasure hunt. The calls to action are direct and age-appropriate, but they lack a creative link to the pirate setting, making the journey feel like a series of disjointed classroom exercises."
26f6fa98-4981-4298-842e-b87d01aedbc8,model_1,model_3,v1,1,"{
    ""intro"": {
        ""title"": ""Introduction"",
        ""story"": ""In a faraway land, Captain Leo, a brave little pirate, embarked on a quest to find a hidden treasure, and he needs your help to build his courage and overcome obstacles along the way.""
    },
    ""days"": [
        {
            ""day"": 1,
            ""title"": ""Day 1: Counting Treasure"",
            ""story"": ""Captain Leo, a brave little pirate, set sail to find a hidden treasure, but first, he needs to count the 20 steps to the cave; can you help him count from 1 to 20?""
        },
        {
            ""day"": 2,
            ""title"": ""Day 2: Pirate's Signature"",
            ""story"": ""Captain Leo found a treasure map, but it's signed by a mysterious pirate; can you spell your name to help Captain Leo learn how to write his?""
        },
        {
            ""day"": 3,
            ""title"": ""Day 3: Animal Friends"",
            ""story"": ""As Captain Leo navigated through the jungle, he met many animals; can you name three animals that might be his friends on this adventure?""
        },
        {
            ""day"": 4,
            ""title"": ""Day 4: Cleaning the Ship"",
            ""story"": ""After a long day, Captain Leo's ship is messy; can you help him clean the table so he can focus on finding the treasure?""
        },
        {
            ""day"": 5,
            ""title"": ""Day 5: Missing Treasure Map"",
            ""story"": ""Captain Leo lost his treasure map; can you help him find the missing toy map so he can continue his journey?""
        },
        {
            ""day"": 6,
            ""title"": ""Day 6: Planting a Clue"",
            ""story"": ""Captain Leo found a clue hidden in a plant; can you help him water the plant so it grows and reveals the next step?""
        },
        {
            ""day"": 7,
            ""title"": ""Day 7: Singing for Luck"",
            ""story"": ""Captain Leo needs luck to find the treasure; can you sing a short song to bring him good fortune?""
        }
    ],
    ""outro"": {
        ""title"": ""Conclusion"",
        ""story"": ""With your help, Captain Leo found the treasure and became the bravest pirate ever; thank you for your help, and remember, you too can be brave like Captain Leo!""
    }
}",1.7107646465301514,True,True,True,True,True,True,True,6,10.0,4.0,5.0,9.0,"The story effectively utilizes clear blockers and calls to action that invite physical and verbal participation from the child. However, the narrative progression feels disjointed, with tasks like cleaning a table or watering plants feeling like tacked-on chores rather than organic parts of a pirate adventure."
fcc7a4b3-c14c-44df-9cc8-a8bfb2f36109,model_1,model_3,v2,0,"{
    ""intro"": {
        ""title"": ""The Brave Little Pirate"",
        ""story"": ""A brave little pirate named Timmy set out to find a hidden treasure that would make him the most famous pirate in the land. He had a map that supposedly led to the loot, but he needed help deciphering it. Timmy was determined to find the treasure, but he knew it wouldn't be easy, and he would need all the help he could get. With a courageous heart and a willingness to learn, Timmy embarked on his epic adventure.""
    },
    ""days"": [
        {
            ""day"": 1,
            ""title"": ""The Journey Begins"",
            ""story"": ""A brave little pirate named Timmy set out to find a hidden treasure. He had a map that supposedly led to the loot, but he needed help deciphering it. To start, Timmy needed to count the number of islands he had to sail through, can you help him count from 1 to 20? He couldn't wait to see what other adventures awaited him on his journey.""
        },
        {
            ""day"": 2,
            ""title"": ""Sailing Through Stormy Weather"",
            ""story"": ""As Timmy sailed through the islands, he encountered a fierce storm that made it difficult to navigate. He stumbled upon a mysterious cave with a puzzle that required him to spell out his name to unlock the door. Can you spell your name to help Timmy unlock the cave and find shelter from the storm? With the storm getting stronger, Timmy had to act fast to find a safe haven.""
        },
        {
            ""day"": 3,
            ""title"": ""A Unexpected Encounter"",
            ""story"": ""After unlocking the cave, Timmy met a friendly parrot who became his companion on the journey. The parrot told Timmy that the next island was inhabited by wild animals, and he needed to know their names to avoid any danger. Can you name three animals that Timmy might encounter on the island, so he can prepare himself? With the parrot by his side, Timmy felt more confident to face whatever lay ahead.""
        },
        {
            ""day"": 4,
            ""title"": ""Cleaning Up The Mess"",
            ""story"": ""As they arrived on the island, Timmy and the parrot found a messy table with various pirate gadgets and tools scattered all over it. To find a crucial clue to the treasure's location, they needed to clean up the table and organize the items. Can you help Timmy clean the table by picking up the items and putting them away in their proper places? With a clean table, they might be able to find the next piece of the puzzle.""
        },
        {
            ""day"": 5,
            ""title"": ""The Missing Treasure Map"",
            ""story"": ""While cleaning the table, Timmy realized that a crucial part of the treasure map was missing, and he suspected that it might have been misplaced in the mess. He needed help finding the missing piece, which was a small toy that resembled a miniature version of his pirate ship. Can you help Timmy find the missing toy by searching the area and describing it to him? Without the toy, they wouldn't be able to complete the map and find the treasure.""
        },
        {
            ""day"": 6,
            ""title"": ""A Refreshing Break"",
            ""story"": ""After finding the missing toy, Timmy and the parrot decided to take a break and rest for a while. They stumbled upon a beautiful garden with a withering plant that needed water to survive. Can you help Timmy water the plant, so it can thrive and provide them with a refreshing shade? As they rested, Timmy felt grateful for the help he received so far and looked forward to the next challenge.""
        },
        {
            ""day"": 7,
            ""title"": ""The Final Approach"",
            ""story"": ""As they approached the treasure's supposed location, Timmy and the parrot encountered a magical portal that required them to sing a short song to unlock it. The song had to be sung in a happy and cheerful tone, and Timmy needed help remembering the lyrics. Can you sing a short song with Timmy, such as 'The Wheels on the Bus,' to help him unlock the portal and claim the treasure? With the portal unlocked, they were one step closer to finding the treasure and completing their journey.""
        }
    ],
    ""outro"": {
        ""title"": ""The Treasure Found"",
        ""story"": ""With the portal unlocked, Timmy and the parrot found themselves in a room filled with glittering treasure and gold coins. Timmy was overjoyed and thanked the child for all the help they provided throughout the journey. The child's contributions, from counting to singing, were instrumental in helping Timmy overcome the challenges and find the treasure. As they sailed back home, Timmy realized that the real treasure was the courage and friendship they built along the way, and he couldn't have done it without the child's help.""
    }
}",3.63217568397522,True,True,True,True,True,True,True,7,10.0,4.0,6.0,9.0,"The story effectively uses interactive calls to action, but some blockers like watering a plant on Day 6 feel like narrative filler rather than meaningful obstacles. While the tasks are child-friendly, the transition from finding a map piece to singing 'The Wheels on the Bus' lacks thematic logic for a pirate adventure."
615fc3e9-e0d4-43b4-919c-47cd2079c6ff,model_1,model_3,v2,1,"{
    ""intro"": {
        ""title"": ""The Brave Little Pirate's Journey"",
        ""story"": ""The brave little pirate was on a mission to find a hidden treasure, and the journey began with a brave heart, a sturdy ship, and a trusty map. The little pirate sailed across the sparkling sea, feeling the sun on their face and the wind in their hair. The pirate's goal was to find the treasure and bring it back home, but they needed a friend like you to help them along the way. With a deep breath, the pirate set sail, ready for whatever adventures lay ahead.""
    },
    ""days"": [
        {
            ""day"": 1,
            ""title"": ""The Brave Little Pirate Sets Sail"",
            ""story"": ""The brave little pirate was on a mission to find a hidden treasure, and the journey began with a brave heart, a sturdy ship, and a trusty map. The little pirate sailed across the sparkling sea, feeling the sun on their face and the wind in their hair. As they approached the first island, they needed to count the number of palm trees to find the correct path, can you help them count from 1 to 20? The little pirate waited anxiously for your response to continue their adventure.""
        },
        {
            ""day"": 2,
            ""title"": ""Naming the Treasure Map"",
            ""story"": ""The brave little pirate arrived at the first island and found an old, mysterious-looking treasure map, but it was not signed, and they wanted to name it after their best friend, which was you. To sign the map, the pirate needed to know how to spell your name, can you spell your name for them? The little pirate was excited to have you as a part of their treasure hunt. With the map signed, they felt a sense of accomplishment and courage to move forward.""
        },
        {
            ""day"": 3,
            ""title"": ""Encountering Wild Animals"",
            ""story"": ""As the brave little pirate sailed to the next island, they encountered many wild animals, including birds flying overhead and fish swimming in the sea. The little pirate was amazed by the different creatures and wanted to learn more about them, can you name three animals that you think the pirate might see on their journey? The pirate's curiosity was sparked, and they felt braver knowing that they had a friend like you to help them. The pirate's heart was filled with wonder and excitement for what the next day would bring.""
        },
        {
            ""day"": 4,
            ""title"": ""Cleaning Up After a Storm"",
            ""story"": ""A big storm rolled in, and the brave little pirate's ship was messy and filled with debris, they needed to clean up the ship before they could continue their journey. The pirate asked for your help to clean the table where they kept their important maps and compass, can you help them clean the table? The little pirate was grateful for your assistance and felt more organized and prepared for the challenges ahead. With the ship clean, the pirate felt a sense of pride and courage to face the next obstacle.""
        },
        {
            ""day"": 5,
            ""title"": ""Finding a Missing Treasure Clue"",
            ""story"": ""The brave little pirate was searching for a missing clue that would lead them to the hidden treasure, but they couldn't find it anywhere, and they needed your help to solve the mystery. Can you help them find a missing toy that might be hiding the clue? The little pirate was worried that they might not find the treasure without the clue, but with your help, they felt hopeful again. The pirate's determination to find the treasure grew stronger, and they were eager to see what the next day would bring.""
        },
        {
            ""day"": 6,
            ""title"": ""Nurturing a Magical Plant"",
            ""story"": ""The brave little pirate stumbled upon a magical plant that would bloom only if it was watered with kindness and care, and they needed your help to nurture it. Can you help them water the plant and give it the love it needs to bloom? The little pirate was amazed by the plant's magic and felt grateful for your gentle touch. As the plant began to bloom, the pirate felt a sense of joy and wonder, and they knew that they were getting closer to finding the treasure.""
        },
        {
            ""day"": 7,
            ""title"": ""Singing a Happy Tune"",
            ""story"": ""The brave little pirate finally reached the island where the hidden treasure was buried, but to uncover it, they needed to sing a happy song to awaken the treasure's guardian, can you sing a short song with them? The little pirate's voice was trembling with excitement, but with your help, they felt brave and loud. Together, you and the pirate sang a beautiful song that echoed across the island, and the treasure's guardian appeared, impressed by your bravery and harmony. The pirate's heart was filled with happiness, and they knew that they couldn't have found the treasure without your help.""
        }
    ],
    ""outro"": {
        ""title"": ""The Treasure Found"",
        ""story"": ""With the treasure's guardian impressed by your bravery and harmony, the brave little pirate was able to claim the treasure and bring it back home, where they were greeted as a hero. The little pirate thanked you for your help and friendship, and they knew that they couldn't have done it without you. The pirate's heart was filled with joy and gratitude, and they knew that they would always treasure the memories of their adventure with you. The brave little pirate's journey came to an end, but the lessons they learned about courage and friendship would stay with them forever.""
    }
}",3.9878997802734375,True,True,True,True,True,True,True,7,9.0,4.0,5.0,9.0,"The blockers are resolved too instantaneously to create real narrative tension, making the journey feel like a checklist of chores rather than a building adventure. While the calls to action are clear, some tasks like 'cleaning the table' or 'finding a toy' confusingly jump between the fictional world and the reader’s physical environment."
9fd48c46-d3b9-4f45-84aa-7631ac17e773,model_3,model_1,v1,0,"{
    ""intro"": {
        ""title"": ""Pip's Big Quest"",
        ""story"": ""Pip is a tiny pirate with a big heart, but he is a little bit nervous about his first quest. He is searching for the Golden Compass of Courage hidden on a faraway island. Will you join his crew and help him find his way?""
    },
    ""days"": [
        {
            ""day"": 1,
            ""title"": ""Counting the Gold"",
            ""story"": ""Pip needs to load twenty gold coins into his chest to start his big voyage. He is so nervous that he keeps forgetting the numbers after five. Can you count from 1 to 20 to help him get ready?""
        },
        {
            ""day"": 2,
            ""title"": ""The Captain's Signature"",
            ""story"": ""To sail out of the harbor, Pip must sign his name on the official pirate scroll. He is feeling a bit shaky and needs to see how a brave captain spells things. Can you spell your name out loud for him?""
        },
        {
            ""day"": 3,
            ""title"": ""Sea Friends in the Fog"",
            ""story"": ""The ship is passing through the Foggy Reef, and Pip sees strange shapes moving in the water. He is too scared to look, so he needs you to tell him what friendly creatures might be there. Can you name three animals for him?""
        },
        {
            ""day"": 4,
            ""title"": ""Clearing the Deck"",
            ""story"": ""A big storm made a mess in the galley, and now Pip cannot find his map under all the crumbs. He feels overwhelmed by the big cleanup and doesn't know where to start. Will you help him by cleaning the table at your house?""
        },
        {
            ""day"": 5,
            ""title"": ""The Lost Spyglass"",
            ""story"": ""Pip reached the Hidden Island, but he dropped his lucky spyglass somewhere in the tall grass. He is worried he will never find it without a clever scout to help him search. Can you find a missing toy in your room to show him how it is done?""
        },
        {
            ""day"": 6,
            ""title"": ""The Thirsty Guardian"",
            ""story"": ""Pip found a magical flower guarding the treasure cave, but it is wilting and blocking the path. He is afraid to move it, but he knows the flower just needs a little drink to grow tall and move its leaves. Can you help by watering a plant for him?""
        },
        {
            ""day"": 7,
            ""title"": ""The Musical Lock"",
            ""story"": ""Pip is finally standing in front of the giant treasure chest, but it only opens when it hears a brave pirate melody. He is feeling very shy and needs a friend to lead the way. Can you sing a short song to unlock the treasure?""
        }
    ],
    ""outro"": {
        ""title"": ""The Treasure of Courage"",
        ""story"": ""Because of your bravery and help, Pip finally opened the chest and found the Golden Compass! He realized that with a friend like you, he can face any adventure in the world. Thank you for being the best pirate crewmate ever!""
    }
}",8.35546326637268,True,True,True,True,True,True,True,8,9.0,7.0,8.0,9.0,"The story is engaging but the blocker rule is not strictly followed as the obstacles Pip faces are not necessarily blocking his progress in a dramatic way. To improve, consider adding a clear call to action that ties directly to the treasure's unlocking mechanism, making the final goal more satisfying."
58d8c96b-8544-4eb5-99f0-b486c21545e9,model_3,model_1,v1,1,"{
    ""intro"": {
        ""title"": ""The Little Pirate's Big Goal"",
        ""story"": ""Pip the Brave is a tiny pirate standing on the edge of the Sparkling Sea with a mysterious treasure map. He wants to find the Golden Glimmer treasure, but his knees are shaking just a little bit. He needs a brave friend like you to help him find his courage and start the journey.""
    },
    ""days"": [
        {
            ""day"": 1,
            ""title"": ""The Plank Bridge"",
            ""story"": ""Pip arrives at a magical bridge made of twenty wooden planks, but they only appear if someone calls them out one by one. He is too nervous to find the numbers on his own. Can you help him build the bridge by counting from 1 to 20?""
        },
        {
            ""day"": 2,
            ""title"": ""The Hero's Password"",
            ""story"": ""The Great Stone Gate requires a secret password to open, and Pip wants the password to be the name of a true hero. He wants to use your name, but he doesn't know how to spell it. Can you help him open the gate by spelling your name out loud?""
        },
        {
            ""day"": 3,
            ""title"": ""The Sleepy Turtle"",
            ""story"": ""A giant, sleepy turtle is blocking the narrow path and will only move if he hears about other creatures from far away. Pip is a bit shy and doesn't know many animals yet. Can you help Pip clear the way by naming three different animals?""
        },
        {
            ""day"": 4,
            ""title"": ""The Messy Map Table"",
            ""story"": ""Pip finds a dusty old table in a hidden shack that holds the next clue, but it\u2019s covered in messy crumbs and clutter. He needs a clean space to see the map clearly and find the treasure's location. Can you help him move forward by helping to clean the table at your house?""
        },
        {
            ""day"": 5,
            ""title"": ""The Lost Lucky Coin"",
            ""story"": ""Oh no! Pip\u2019s lucky golden coin has fallen into a pile of toys, and he can't find it anywhere in the tall grass. He feels lost and worried without his special treasure. Can you help Pip find his courage again by finding a missing toy in your house?""
        },
        {
            ""day"": 6,
            ""title"": ""The Thirsty Vine"",
            ""story"": ""The path to the treasure mountain is blocked by a very thirsty, drooping vine that needs water to lift its branches. Pip has an empty canteen and needs a friend to show him how to care for nature. Can you help the vine grow and clear the path by watering a plant today?""
        },
        {
            ""day"": 7,
            ""title"": ""The Musical Lock"",
            ""story"": ""Pip finally stands before the giant treasure chest, but it is locked with a magical musical spell. He is so excited that his voice is shaky, and he needs a brave melody to wake up the lock. Can you help Pip open the treasure by singing a short song?""
        }
    ],
    ""outro"": {
        ""title"": ""A True Pirate Hero"",
        ""story"": ""With your help, Pip found the Golden Glimmer and realized he was brave all along. You were the best first mate a pirate could ever have. Sweet dreams, little hero, and thank you for being so brave!""
    }
}",13.387239456176758,True,True,True,True,True,True,True,8,9.0,7.0,8.0,9.0,"The story follows a clear structure, but the blocker and call to action rules could be more consistently applied, with some days feeling more like arbitrary tasks than integral parts of the narrative, and the story could benefit from more unexpected twists to elevate its creativity."
5861b2e7-5d53-4ff8-86f7-58acebf293c1,model_3,model_1,v2,0,"{
    ""intro"": {
        ""title"": ""The Quest Begins"",
        ""story"": ""Little Pirate Pip stood on the sandy shore of Seafoam Island. He held a tattered map that pointed toward the legendary Crystal Chest. To find the gold, Pip needed to be brave and face many challenges. He turned to you and asked if you would be his fearless first mate.""
    },
    ""days"": [
        {
            ""day"": 1,
            ""title"": ""Counting the Cargo"",
            ""story"": ""The first step was to load the ship with heavy barrels of fresh water. Pip tried to carry them, but there were far too many for one small pirate. He needs your help to make sure they have enough supplies for the long journey. Can you help Pip count the barrels from 1 to 20 so he knows they are ready?""
        },
        {
            ""day"": 2,
            ""title"": ""The Captain's Signature"",
            ""story"": ""The ship set sail, but the Jolly Roger flag was missing its official captain's signature. Without a name on the scroll, the sea spirits would not let the boat pass. Pip is still learning his letters and needs your help to identify the leader of this crew. Will you please help Pip by spelling your name out loud for the magic scroll?""
        },
        {
            ""day"": 3,
            ""title"": ""Shadows in the Mist"",
            ""story"": ""Suddenly, a thick fog rolled in and strange sounds echoed across the dark water. Pip felt a little bit scared of the shadows dancing near the ship's wooden hull. He realized these were just friendly sea creatures wanting to say hello to the brave travelers. To show them you are not afraid, can you name three animals that live in or near the ocean?""
        },
        {
            ""day"": 4,
            ""title"": ""The Tidy Deck"",
            ""story"": ""A giant wave splashed over the deck and left a messy pile of slippery seaweed everywhere. Pip knew a brave pirate must keep a tidy ship to avoid tripping during a big storm. The deck looks just like a dinner table that needs to be cleared after a feast. Please help Pip by cleaning the table in your house so the ship stays safe and neat!""
        },
        {
            ""day"": 5,
            ""title"": ""The Lost Compass"",
            ""story"": ""The map said the treasure was hidden near the Great Palm Tree, but Pip lost his golden compass. Without the compass, they were stuck wandering in circles around the thick jungle bushes. Pip thinks it might be hidden under something, just like a toy that has gone missing. Can you find a missing or hidden toy in your room to help Pip find his way?""
        },
        {
            ""day"": 6,
            ""title"": ""The Thirsty Garden"",
            ""story"": ""They reached the Whispering Woods, where the giant flowers were drooping and very thirsty. The path to the treasure would only open if the magical garden was healthy and bright. Pip brought a small bucket of water, but he needs to see you take care of nature too. Will you help the island grow by finding a plant to water right now?""
        },
        {
            ""day"": 7,
            ""title"": ""The Singing Door"",
            ""story"": ""At last, Pip stood before the massive stone door where the Crystal Chest was locked. The door didn't have a keyhole, but it did have a sign that asked for a brave melody. Pip\u2019s voice was shaky, so he needs his best friend to lead the way with a tune. To unlock the final door, can you sing a short song as loud and brave as you can?""
        }
    ],
    ""outro"": {
        ""title"": ""The Treasure Found"",
        ""story"": ""The heavy stone door swung open to reveal a chest filled with shimmering gold and jewels. Pip realized that the greatest treasure of all was the courage he found with your help. You were the best first mate a pirate could ever ask for on such a grand adventure. Now the two of you can sail home together to share your wonderful stories with everyone.""
    }
}",11.601102113723757,True,True,True,True,True,True,True,8,9.0,7.0,8.0,9.0,"The story excels in its ability to follow a consistent structure and use simple language suitable for children, but it falls short in creativity, relying on generic pirate-themed challenges. To improve, consider adding more unique and surprising elements to the story."
3631fb84-e444-46e4-a129-b3abdcad95a5,model_3,model_1,v2,1,"{
    ""intro"": {
        ""title"": ""Captain Pip's Quest"",
        ""story"": ""Meet Pip, the smallest but bravest pirate to ever sail the Sparkling Sea. Pip has found an old, dusty map that leads to the legendary Courage Diamond. To find it, Pip must cross the Whispering Waves and face his biggest fears. He needs a strong first mate like you to help him navigate the journey ahead.""
    },
    ""days"": [
        {
            ""day"": 1,
            ""title"": ""Preparing for the Voyage"",
            ""story"": ""The Golden Galleon is ready to set sail, but Pip needs to check the supplies. He has a big barrel of crunchy apples, but he isn't sure if he has enough for everyone. We need exactly twenty apples to keep our energy up for the long journey across the sea. Can you help Pip check the barrel by counting from 1 to 20 out loud?""
        },
        {
            ""day"": 2,
            ""title"": ""The Misty Maze"",
            ""story"": ""A thick fog rolls over the ocean, and Pip cannot see where the ship is going. The magic compass says we need a secret password to clear the misty air and move forward. The password is the special name of the bravest pirate assistant in the whole world. To help Pip clear the fog, can you slowly spell your own name for him?""
        },
        {
            ""day"": 3,
            ""title"": ""The Shore of Shadows"",
            ""story"": ""The ship arrives at the Shore of Shadows, where strange sounds come from the tall trees. Pip feels a little bit nervous, but he knows that knowing your neighbors makes you brave. He wants to say hello to the creatures hiding in the jungle bushes along the beach. Will you help Pip feel safe by naming three animals you might find in the wild?""
        },
        {
            ""day"": 4,
            ""title"": ""Cleaning the Deck"",
            ""story"": ""A messy storm blew through the cabin, and now Pip cannot find his map under all the clutter. A true pirate captain knows that a clean ship is a brave and ready ship. We must clear the deck and make everything tidy before we reach the mountain peak. Can you show Pip how to be helpful by helping someone clean the table right now?""
        },
        {
            ""day"": 5,
            ""title"": ""The Lost Key"",
            ""story"": ""Oh no, Pip has lost his lucky golden key somewhere on the rocky path ahead. He feels very sad because he cannot unlock the treasure cave without that special key. You can show him how to be a great seeker by finding something hidden of your own. Can you help Pip feel better by finding a toy in your house that was missing?""
        },
        {
            ""day"": 6,
            ""title"": ""The Thirsty Garden"",
            ""story"": ""We have reached the dry Garden of Grit, where the thirsty flowers are drooping low. Pip knows that a brave pirate must also be kind to the nature around him. If we give the flowers a little drink, they might bloom and show us the hidden path. Can you help Pip show kindness by going to water a plant in your home?""
        },
        {
            ""day"": 7,
            ""title"": ""The Cave of Courage"",
            ""story"": ""We are finally at the entrance of the cave, but it is very dark and scary inside. Pip is trembling, but he remembers that a happy song can chase away any fear. If we sing together, the cave will light up and show us where the diamond sits. Will you help Pip find his courage by singing a short song as loud as you can?""
        }
    ],
    ""outro"": {
        ""title"": ""The Treasure is Found!"",
        ""story"": ""With your amazing help, Pip walked into the cave and found the glowing Courage Diamond. He realized that he was never alone because you were there to help him every step. You have proven yourself to be the bravest pirate assistant the Sparkling Sea has ever known. Now the treasure is safe, and we can sail back home for a grand pirate feast!""
    }
}",25.739533185958862,True,True,True,True,True,True,True,8,9.0,7.0,8.0,9.0,"The story is well-structured and follows the 7-day structure, but the theme is somewhat generic. To improve, consider adding more unique elements to the plot and character development, while maintaining the engaging and interactive tone that makes the story appealing to children."
f331bec2-ff50-409c-91b4-24fc9d474343,model_1,model_3,v1,1,"{
    ""intro"": {
        ""title"": ""The Brave Little Pirate"",
        ""story"": ""In a faraway land, a brave little pirate named Timmy set out to find a hidden treasure. He packed his bag and climbed aboard his ship, ready to face any challenge that came his way. But before he could begin his journey, he realized he needed to prepare himself for the adventures ahead.""
    },
    ""days"": [
        {
            ""day"": 1,
            ""title"": ""Counting Treasure"",
            ""story"": ""Timmy needed to count his gold coins to make sure he had enough to buy supplies for his journey, but he got stuck counting from 1 to 20. Can you help Timmy count from 1 to 20 so he can continue his adventure?""
        },
        {
            ""day"": 2,
            ""title"": ""Signing the Map"",
            ""story"": ""Timmy found an old treasure map, but it was unsigned. He wanted to sign his name on it, but he forgot how to spell it. Can you help Timmy spell your name so he can sign the map and move forward?""
        },
        {
            ""day"": 3,
            ""title"": ""Animal Friends"",
            ""story"": ""Timmy met some animal friends on his journey, but he couldn't remember their names. He needed to name three animals to win their trust. Can you help Timmy name three animals so they can help him on his quest?""
        },
        {
            ""day"": 4,
            ""title"": ""Cleaning the Ship"",
            ""story"": ""Timmy's ship was messy, and he needed to clean the table before he could eat his dinner. But he didn't know where to start. Can you help Timmy clean the table so he can have a comfortable meal?""
        },
        {
            ""day"": 5,
            ""title"": ""Lost Toy"",
            ""story"": ""Timmy lost his favorite toy, a small stuffed parrot, and he couldn't find it anywhere. He needed help finding it. Can you help Timmy find his missing toy so he can feel happy again?""
        },
        {
            ""day"": 6,
            ""title"": ""Planting Treasure"",
            ""story"": ""Timmy planted a special plant that would bloom into a beautiful flower, but it needed water. He didn't know how to water it. Can you help Timmy water the plant so it can grow and flourish?""
        },
        {
            ""day"": 7,
            ""title"": ""Singing Treasure"",
            ""story"": ""Timmy found a magical singing stone, but it wouldn't sing unless someone sang a short song to it. Can you help Timmy sing a short song so the stone can reveal the treasure's location?""
        }
    ],
    ""outro"": {
        ""title"": ""The Treasure Found"",
        ""story"": ""With your help, Timmy overcame all the challenges and found the hidden treasure. He became even braver and more confident, and he thanked you for being his trusty companion on this adventure. Congratulations, you helped Timmy achieve his dream!""
    }
}",10.888202905654907,True,True,True,True,True,True,True,5,8.0,3.0,4.0,9.0,"The plot loses momentum mid-story as the blockers shift from pirate adventures to unrelated domestic chores like cleaning a table and watering plants. Additionally, Day 2 features a logical error where the pirate needs to sign his own name but the call to action asks the child to spell their name instead."
80ca9e82-ba22-4d40-a894-7d5c248a70b5,model_1,model_3,v2,1,"{
    ""intro"": {
        ""title"": ""The Brave Little Pirate's Adventure"",
        ""story"": ""A brave little pirate set out to find a hidden treasure, and the journey was full of unknown challenges and exciting discoveries. The pirate was determined to find the treasure, but knew that it wouldn't be easy. The pirate needed help and guidance from a friend, and that's where you come in. Are you ready to join the brave little pirate on this exciting adventure and help them build their courage?""
    },
    ""days"": [
        {
            ""day"": 1,
            ""title"": ""The Brave Little Pirate's Journey Begins"",
            ""story"": ""A brave little pirate set out to find a hidden treasure, and the journey started with a map that had a mysterious path. The pirate was excited but also a bit scared, as the path was unknown. To start the journey, the pirate needed help counting the steps from 1 to 20 to reach the first milestone. Can you help the pirate count from 1 to 20 to begin the adventure?""
        },
        {
            ""day"": 2,
            ""title"": ""Navigating Through the Forest"",
            ""story"": ""The brave little pirate navigated through a dense forest, where the path was narrow and dark. The pirate stumbled upon a river and needed to cross it, but first, had to introduce themselves to the river spirit. To do this, the pirate needed to spell their name correctly to prove their bravery. Can you spell your name to help the pirate impress the river spirit?""
        },
        {
            ""day"": 3,
            ""title"": ""Encountering Wild Animals"",
            ""story"": ""As the pirate continued the journey, they encountered many wild animals, and to communicate with them, the pirate needed to know their names. The pirate remembered that there were many animals in the forest, but couldn't recall their names. The pirate needed help naming three animals that they might encounter on the journey. Can you name three animals that the pirate might meet in the forest?""
        },
        {
            ""day"": 4,
            ""title"": ""Cleaning Up the Mess"",
            ""story"": ""After a long day of traveling, the pirate arrived at a small village and was invited to dinner, but the table was messy and needed to be cleaned. The pirate wanted to make a good impression, but cleaning the table alone would take a long time. The pirate needed help cleaning the table to make it sparkling clean. Can you help the pirate clean the table by putting away the dirty dishes?""
        },
        {
            ""day"": 5,
            ""title"": ""Finding the Missing Toy"",
            ""story"": ""The next morning, the pirate's favorite toy, a small compass, went missing, and without it, the pirate couldn't navigate through the next part of the journey. The pirate searched everywhere but couldn't find it, and needed help finding the missing toy. The pirate thought that maybe the toy was hidden in a clever spot, and needed a sharp eye to find it. Can you help the pirate find the missing toy by looking carefully around the room?""
        },
        {
            ""day"": 6,
            ""title"": ""Watering the Magical Plant"",
            ""story"": ""As the pirate continued the journey, they came across a magical plant that had the power to reveal hidden paths, but it was dying of thirst. The pirate needed to water the plant to bring it back to life, but the watering can was too heavy to lift alone. The pirate needed help watering the plant to make it strong again. Can you help the pirate water the plant by pouring a little water into the pot?""
        },
        {
            ""day"": 7,
            ""title"": ""Singing for Courage"",
            ""story"": ""Finally, the pirate reached the entrance to the hidden treasure, but it was guarded by a fierce dragon that only allowed those who sang a brave song to pass. The pirate was nervous, but knew that with help, they could sing a song that would impress the dragon. The pirate needed help singing a short song to show their bravery. Can you help the pirate sing a short song to scare away the dragon?""
        }
    ],
    ""outro"": {
        ""title"": ""The Treasure Found"",
        ""story"": ""With your help, the brave little pirate was able to overcome all the challenges and finally found the hidden treasure. The pirate was overjoyed and thanked you for your help, as they couldn't have done it without you. The treasure was not only gold and jewels, but also the courage and confidence that the pirate gained along the way. Congratulations, you helped the brave little pirate achieve their goal and find the treasure, and you should be proud of yourself for being a part of this exciting adventure!""
    }
}",6.614660739898682,True,True,True,True,True,True,True,5,9.0,3.0,4.0,9.0,"The blockers frequently shift from adventurous obstacles to mundane household chores like cleaning dishes, which disrupts the narrative's momentum. While the calls to action are interactive, they feel more like a classroom exercise than an integrated part of a pirate's journey."
001ce2bb-fd5e-4478-bc61-bf53ef828427,model_3,model_1,v1,3,"{
    ""intro"": {
        ""title"": ""Pip the Brave Pirate"",
        ""story"": ""Pip is a tiny pirate with a big heart who wants to find the Crystal Compass on Courage Island. He stands on his little ship, the Sea Snail, ready to start his grand adventure. To find the treasure, he will need a brave friend to help him move forward!""
    },
    ""days"": [
        {
            ""day"": 1,
            ""title"": ""The Number Path"",
            ""story"": ""Pip lands on the beach, but the path is blocked by magic stones that only glow when counted in order. He is feeling nervous and keeps losing track after number five. Can you help him reach the jungle by counting from 1 to 20?""
        },
        {
            ""day"": 2,
            ""title"": ""The Magic Gate"",
            ""story"": ""To open the ancient stone gate, Pip must sign the guest book, but he has forgotten how letters work. He needs to see a brave friend's name to remember his own. Will you help him by spelling your name out loud?""
        },
        {
            ""day"": 3,
            ""title"": ""The Talking Parrot"",
            ""story"": ""A giant parrot blocks the trail and says Pip can only pass if he knows the names of the island's animals. Pip is too shy to speak to the big, colorful bird. Can you name three animals to show the parrot that you are both explorers?""
        },
        {
            ""day"": 4,
            ""title"": ""The Messy Map"",
            ""story"": ""Pip finds a map on a dusty table in a hidden cave, but it is covered in sticky crumbs and old leaves. He is worried he can't clear the mess alone to see the secret X. Could you help him by cleaning the table at your house?""
        },
        {
            ""day"": 5,
            ""title"": ""The Hidden Key"",
            ""story"": ""The key to the treasure chest has fallen into the tall, tickly grass, and Pip is a bit scared to go in alone. He needs to see someone else find something lost first to feel brave. Can you help him by finding a missing toy in your room?""
        },
        {
            ""day"": 6,
            ""title"": ""The Withered Bridge"",
            ""story"": ""The bridge to the treasure is made of magic vines that have dried up and won't move. Pip needs to see a kind act of care to make the magic work again. Will you help the vines grow by watering a plant?""
        },
        {
            ""day"": 7,
            ""title"": ""The Dragon's Song"",
            ""story"": ""The treasure chest is guarded by a grumpy dragon who will only move if he hears a happy tune. Pip\u2019s heart is thumping so fast that he can\u2019t find his voice to whistle. Will you help him by singing a short song to the dragon?""
        }
    ],
    ""outro"": {
        ""title"": ""The Hero\u2019s Reward"",
        ""story"": ""Because of your help, Pip found the treasure and realized that true courage comes from having a friend by your side. You are a legendary pirate partner, and the Crystal Compass is now glowing brightly just for you!""
    }
}",9.193060874938965,True,True,True,True,True,True,True,8,10.0,7.0,9.0,9.0,"The story effectively follows the 7-day structure and character rules, with a clear building of tension toward the goal, but the theme is somewhat generic and could be more unique. The language is simple and suitable for a child, but some scenes feel a bit disconnected from the main plot."
